-- phpMyAdmin SQL Dump
-- version 5.2.0
-- https://www.phpmyadmin.net/
--
-- Host: 127.0.0.1
-- Generation Time: Jan 27, 2023 at 11:11 AM
-- Server version: 10.4.25-MariaDB
-- PHP Version: 7.4.30

SET SQL_MODE = "NO_AUTO_VALUE_ON_ZERO";
START TRANSACTION;
SET time_zone = "+00:00";


/*!40101 SET @OLD_CHARACTER_SET_CLIENT=@@CHARACTER_SET_CLIENT */;
/*!40101 SET @OLD_CHARACTER_SET_RESULTS=@@CHARACTER_SET_RESULTS */;
/*!40101 SET @OLD_COLLATION_CONNECTION=@@COLLATION_CONNECTION */;
/*!40101 SET NAMES utf8mb4 */;

--
-- Database: `swi`
--

-- --------------------------------------------------------

--
-- Table structure for table `master_barang`
--

CREATE TABLE `master_barang` (
  `id` int(11) NOT NULL,
  `partnumber` varchar(40) NOT NULL,
  `partname` text NOT NULL,
  `kategori` varchar(30) NOT NULL,
  `supplier` varchar(30) NOT NULL,
  `jenis` varchar(30) NOT NULL,
  `ket` text NOT NULL,
  `satuan` varchar(30) NOT NULL,
  `create_at` datetime NOT NULL DEFAULT current_timestamp(),
  `author` varchar(30) NOT NULL,
  `edit_at` datetime NOT NULL DEFAULT current_timestamp(),
  `edit_by` varchar(30) NOT NULL
) ENGINE=InnoDB DEFAULT CHARSET=utf8mb4;

--
-- Dumping data for table `master_barang`
--

INSERT INTO `master_barang` (`id`, `partnumber`, `partname`, `kategori`, `supplier`, `jenis`, `ket`, `satuan`, `create_at`, `author`, `edit_at`, `edit_by`) VALUES
(2, '73350-BZ160', 'BELT ASSY, RR SEAT, OUTER CTR', 'Barang Jadi', 'PRD', 'Proses', 'D14N ADM', 'pcs', '2023-01-16 12:12:01', 'Admin', '2023-01-23 07:54:24', 'Admin'),
(3, '73350-BZ140', 'BELT ASSY, RR SEAT, OUTER CTR', 'Barang Jadi', 'PRD', 'Proses', 'D30D ADM', 'pcs', '2023-01-17 14:32:24', 'Admin', '2023-01-23 07:54:13', 'Admin'),
(4, '73350-BZ200', 'BELT ASSY, RR SEAT, OUTER CTR', 'Barang Jadi', 'PRD', 'Proses', 'D33H ADM', 'pcs', '2023-01-18 10:45:59', 'Admin', '2023-01-23 07:54:04', 'Admin'),
(5, 'SWA22001-00', 'GUIDE DRUM ASSY', 'Barang Setengah Jadi(WIP)', 'SBA', 'Proses', '', 'pcs', '2023-01-19 09:41:45', 'Admin', '0000-00-00 00:00:00', ''),
(10, 'SWP50032-00', 'PARTISI BOX TP-362', 'PACKING', 'AGM', '', '', 'PCS', '0000-00-00 00:00:00', 'Admin', '0000-00-00 00:00:00', ''),
(11, 'SWP50019-00', 'PLASTIK CJM', 'PACKING', 'AJ', '', '', 'KG', '0000-00-00 00:00:00', 'Admin', '0000-00-00 00:00:00', ''),
(12, 'SWP50061-00', 'PLASTIK PP 0.2 X L100 X P200 MM', 'PACKING', 'AJ', '', '', 'KG', '0000-00-00 00:00:00', 'Admin', '0000-00-00 00:00:00', ''),
(13, 'SWP50060-00', 'PLASTIK PP 0.3 X L250 X P400 MM', 'PACKING', 'AJ', '', '', 'KG', '0000-00-00 00:00:00', 'Admin', '0000-00-00 00:00:00', ''),
(14, 'SWP50059-01', 'PLASTIK PP 0.2 X L90 X P200 MM', 'PACKING', 'AJ', '', '', 'KG', '0000-00-00 00:00:00', 'Admin', '0000-00-00 00:00:00', ''),
(15, 'SWP50212-00', 'PLASTIK PP 0.3 X L150 X P300 M \"SONIC\"', 'PACKING', 'AJ', '', '', 'PCS', '0000-00-00 00:00:00', 'Admin', '0000-00-00 00:00:00', ''),
(16, 'SWP11402-00', 'TAP SCREW 3 (TS 3)', 'RAW MATERIAL. NON ASHIMORI (LO', 'AJBS', '', '', 'PCS', '0000-00-00 00:00:00', 'Admin', '0000-00-00 00:00:00', ''),
(17, 'PO11432-00', 'TAP SCREW M10 X 5/8\"', 'RAW MATERIAL. NON ASHIMORI (LO', 'AJBS', '', '', 'PCS', '0000-00-00 00:00:00', 'Admin', '0000-00-00 00:00:00', ''),
(18, 'SWP21014A-00', 'BUCKLE INSERT (Cr3+)', 'RAW MATERIAL NON ASHIMORI (IMP', 'AKWP', '', '', 'PCS', '0000-00-00 00:00:00', 'Admin', '0000-00-00 00:00:00', ''),
(19, 'SWP31886-00', 'SAFETY LABEL ELR 3PT RR CTR (D74A)', 'RAW MATERIAL LOCAL', 'ART', '', '', 'PCS', '0000-00-00 00:00:00', 'Admin', '0000-00-00 00:00:00', ''),
(20, 'SWP32104-00', 'SAFETY LABEL CAUTION', 'RAW MATERIAL LOCAL', 'ART', '', '', 'PCS', '0000-00-00 00:00:00', 'Admin', '0000-00-00 00:00:00', ''),
(21, 'SWP31885-00', 'SAFETY LABEL ELR 3PT RR LH (D74A)', 'RAW MATERIAL LOCAL', 'ART', '', '', 'PCS', '0000-00-00 00:00:00', 'Admin', '0000-00-00 00:00:00', ''),
(22, 'SWP22728-00', 'ANCHOR PLATE 30°', 'RAW MATERIAL NON ASHIMORI (IMP', 'AKWP', '', '', 'PCS', '0000-00-00 00:00:00', 'Admin', '0000-00-00 00:00:00', ''),
(24, 'SWP24649-00', 'SHAFT', 'RAW MATERIAL NON ASHIMORI (IMP', 'AKWP', '', '', 'PCS', '0000-00-00 00:00:00', 'Admin', '0000-00-00 00:00:00', ''),
(25, 'SWP31853-00', 'SAFETY LABEL ELR 3PT FR RH (SB40)', 'SUB  MATERIAL', 'ART', '', '', 'PCS', '0000-00-00 00:00:00', 'Admin', '0000-00-00 00:00:00', ''),
(26, 'SWP31855-00', 'SAFETY LABEL ELR 3PT (ECE R16)', 'SUB  MATERIAL', 'ART', '', '', 'PCS', '0000-00-00 00:00:00', 'Admin', '0000-00-00 00:00:00', ''),
(27, 'SWP31831-00', 'SAFETY LABEL ELR 3PT RR CTR XCT (WARNA ORANGE)', 'SUB  MATERIAL', 'ART', '', '', 'PCS', '0000-00-00 00:00:00', 'Admin', '0000-00-00 00:00:00', ''),
(28, 'SWP31859-00', 'SAFETY LABEL ELR 3PT (VT-02-D GR)', 'SUB  MATERIAL', 'ART', '', '', 'PCS', '0000-00-00 00:00:00', 'Admin', '0000-00-00 00:00:00', ''),
(29, 'SWP21057-00', 'SEMI TUBULAR RIVET', 'RAW MATERIAL NON ASHIMORI (IMP', 'AKWP', '', '', 'PCS', '0000-00-00 00:00:00', 'Admin', '0000-00-00 00:00:00', ''),
(30, 'SWP31860-00', 'SAFETY LABEL ELR 3PT (VT02-D GR)', 'SUB  MATERIAL', 'ART', '', '', 'PCS', '0000-00-00 00:00:00', 'Admin', '0000-00-00 00:00:00', ''),
(31, 'SWP50050-00', 'STICKER F LH (MERAH)', 'SUB  MATERIAL', 'ART', '', '', 'PCS', '0000-00-00 00:00:00', 'Admin', '0000-00-00 00:00:00', ''),
(33, 'SWP31741BK-00', 'SAFETY LABEL STC 2PT (SB25_BK)', 'SUB  MATERIAL', 'ART', '', '', 'PCS', '0000-00-00 00:00:00', 'Admin', '0000-00-00 00:00:00', ''),
(34, 'SWP11709R-00', 'SAFETY LABEL STC 3PT (RED)', 'SUB  MATERIAL', 'ART', '', '', 'PCS', '0000-00-00 00:00:00', 'Admin', '0000-00-00 00:00:00', ''),
(35, 'SWP 31790-00', 'SAFETY LABEL ELR 3PT RR-RH (4R5)', 'SUB  MATERIAL', 'ART', '', '', 'PCS', '0000-00-00 00:00:00', 'Admin', '0000-00-00 00:00:00', ''),
(36, 'SWP 31791-00', 'SAFETY LABEL ELR 3PT RR-LH (4L5)', 'SUB  MATERIAL', 'ART', '', '', 'PCS', '0000-00-00 00:00:00', 'Admin', '0000-00-00 00:00:00', ''),
(37, 'SWP 31792-00', 'SAFETY LABEL STC 2PT RR CTR (SB38)', 'SUB  MATERIAL', 'ART', '', '', 'PCS', '0000-00-00 00:00:00', 'Admin', '0000-00-00 00:00:00', ''),
(38, 'SWP 31795-00', 'SAFETY LABEL ELR 3PT RR2-RH (4R7)', 'SUB  MATERIAL', 'ART', '', '', 'PCS', '0000-00-00 00:00:00', 'Admin', '0000-00-00 00:00:00', ''),
(39, 'SWP 31796-00', 'SAFETY LABEL ELR 3PT RR2-RH (4L7)', 'SUB  MATERIAL', 'ART', '', '', 'PCS', '0000-00-00 00:00:00', 'Admin', '0000-00-00 00:00:00', ''),
(40, 'SWP11718-00', 'SAFETY LABEL ELR 3PT (SB10)', 'SUB  MATERIAL', 'ART', '', '', 'PCS', '0000-00-00 00:00:00', 'Admin', '0000-00-00 00:00:00', ''),
(41, 'SWP11719-00', 'SAFETY LABEL ELR 3PT (SB12)', 'SUB  MATERIAL', 'ART', '', '', 'PCS', '0000-00-00 00:00:00', 'Admin', '0000-00-00 00:00:00', ''),
(42, 'SWP11720-00', 'SAFETY LABEL STC 2PT (SB13)', 'SUB  MATERIAL', 'ART', '', '', 'PCS', '0000-00-00 00:00:00', 'Admin', '0000-00-00 00:00:00', ''),
(43, 'SWP11721-00', 'SAFETY LABEL ELR 3PT (SB14)', 'SUB  MATERIAL', 'ART', '', '', 'PCS', '0000-00-00 00:00:00', 'Admin', '0000-00-00 00:00:00', ''),
(44, 'SWP21170-00', 'SHIELD 2', 'RAW MATERIAL NON ASHIMORI (IMP', 'AKWP', '', '', 'PCS', '0000-00-00 00:00:00', 'Admin', '0000-00-00 00:00:00', ''),
(45, 'SWP11722-00', 'SAFETY LABEL ELR 3PT (SB11)', 'SUB  MATERIAL', 'ART', '', '', 'PCS', '0000-00-00 00:00:00', 'Admin', '0000-00-00 00:00:00', ''),
(46, 'SWP11709-00', 'SAFETY LABEL STC 3PT (W/O JIS)', 'SUB  MATERIAL', 'ART', '', '', 'PCS', '0000-00-00 00:00:00', 'Admin', '0000-00-00 00:00:00', ''),
(47, 'SWP21700-00', 'SHIELD 2', 'RAW MATERIAL NON ASHIMORI (IMP', 'AKWP', '', '', 'PCS', '0000-00-00 00:00:00', 'Admin', '0000-00-00 00:00:00', ''),
(48, 'SWP21776AC-00', 'BUCKLE COVER BOTTOM WEB. CTR (NEW CANTER)', 'RAW MATERIAL NON ASHIMORI (IMP', 'AKWP', '', '', 'PCS', '0000-00-00 00:00:00', 'Admin', '0000-00-00 00:00:00', ''),
(49, 'SWP21776LK-00', 'BUCKLE COVER BOTTOM WEB. CTR (JDC)', 'RAW MATERIAL NON ASHIMORI (IMP', 'AKWP', '', '', 'PCS', '0000-00-00 00:00:00', 'Admin', '0000-00-00 00:00:00', ''),
(50, 'SWP21966-00', 'METALIC WASHER', 'RAW MATERIAL NON ASHIMORI (IMP', 'AKWP', '', '', 'PCS', '0000-00-00 00:00:00', 'Admin', '0000-00-00 00:00:00', ''),
(51, 'SWP22478-00', 'PIN RIVET LARGE', 'RAW MATERIAL NON ASHIMORI (IMP', 'AKWP', '', '', 'PCS', '0000-00-00 00:00:00', 'Admin', '0000-00-00 00:00:00', ''),
(52, 'SWP22586-00', 'ADJUST TONGUE SPRING', 'RAW MATERIAL NON ASHIMORI (IMP', 'AKWP', '', '', 'PCS', '0000-00-00 00:00:00', 'Admin', '0000-00-00 00:00:00', ''),
(53, 'SWP22590LK-00', 'ADJ.TONGUE COVER CTR', 'RAW MATERIAL NON ASHIMORI (IMP', 'AKWP', '', '', 'PCS', '0000-00-00 00:00:00', 'Admin', '0000-00-00 00:00:00', ''),
(54, 'SWP22626-00', 'ADJ. TONGUE F/PROOF', 'RAW MATERIAL NON ASHIMORI (IMP', 'AKWP', '', '', 'PCS', '0000-00-00 00:00:00', 'Admin', '0000-00-00 00:00:00', ''),
(55, 'SWP11711-00', 'SAFETY LABEL ELR 3PT (W/O JIS)', 'SUB  MATERIAL', 'ART', '', '', 'PCS', '0000-00-00 00:00:00', 'Admin', '0000-00-00 00:00:00', ''),
(56, 'SWP11712-00', 'SAFETY LABEL STC 2PT (W/O JIS)', 'SUB  MATERIAL', 'ART', '', '', 'PCS', '0000-00-00 00:00:00', 'Admin', '0000-00-00 00:00:00', ''),
(57, 'SWP11727-00', 'SAFETY LABEL ELR 3PT FR LH (YR9)', 'SUB  MATERIAL', 'ART', '', '', 'PCS', '0000-00-00 00:00:00', 'Admin', '0000-00-00 00:00:00', ''),
(58, 'SWP11727-01', 'SAFETY LABEL ELR 3PT FR RH (YR9)', 'SUB  MATERIAL', 'ART', '', '', 'PCS', '0000-00-00 00:00:00', 'Admin', '0000-00-00 00:00:00', ''),
(59, 'SWP23816-00', 'WEBBING PIN (DR1)', 'RAW MATERIAL NON ASHIMORI (IMP', 'AKWP', '', '', 'PCS', '0000-00-00 00:00:00', 'Admin', '0000-00-00 00:00:00', ''),
(60, 'SWP11728-00', 'SAFETY LABEL ELR 3PT RR (YR9)', 'SUB  MATERIAL', 'ART', '', '', 'PCS', '0000-00-00 00:00:00', 'Admin', '0000-00-00 00:00:00', ''),
(61, 'SWP11729-00', 'SAFETY LABEL STC 2PT (SB15)', 'SUB  MATERIAL', 'ART', '', '', 'PCS', '0000-00-00 00:00:00', 'Admin', '0000-00-00 00:00:00', ''),
(62, 'SWP11730-00', 'SAFETY LABEL STC 2PT (SB16)', 'SUB  MATERIAL', 'ART', '', '', 'PCS', '0000-00-00 00:00:00', 'Admin', '0000-00-00 00:00:00', ''),
(63, 'SWP11731-00', 'SAFETY LABEL STC 2PT (SB17)', 'SUB  MATERIAL', 'ART', '', '', 'PCS', '0000-00-00 00:00:00', 'Admin', '0000-00-00 00:00:00', ''),
(64, 'SWP11060-00', 'SAFETY LABEL HAKATA', 'SUB  MATERIAL', 'ART', '', '', 'PCS', '0000-00-00 00:00:00', 'Admin', '0000-00-00 00:00:00', ''),
(65, 'SWP12936-00', 'SAFETY LABEL STC 3 POINT', 'SUB  MATERIAL', 'ART', '', '', 'PCS', '0000-00-00 00:00:00', 'Admin', '0000-00-00 00:00:00', ''),
(66, 'SWP24237-00', 'L-BUSHING', 'RAW MATERIAL NON ASHIMORI (IMP', 'AKWP', '', '', 'PCS', '0000-00-00 00:00:00', 'Admin', '0000-00-00 00:00:00', ''),
(67, 'SWP23326LK-00', 'BUCKLE COVER TOP CENTER (JDC)', 'RAW MATERIAL NON ASHIMORI (IMP', 'AKWP', '', '', 'PCS', '0000-00-00 00:00:00', 'Admin', '0000-00-00 00:00:00', ''),
(68, 'SWP24448-00', 'BASE ASSY', 'RAW MATERIAL NON ASHIMORI (IMP', 'AKWP', '', '', 'PCS', '0000-00-00 00:00:00', 'Admin', '0000-00-00 00:00:00', ''),
(69, 'SWP24507-00', 'C.G ASSY 0°', 'RAW MATERIAL NON ASHIMORI (IMP', 'AKWP', '', '', 'PCS', '0000-00-00 00:00:00', 'Admin', '0000-00-00 00:00:00', ''),
(70, 'SWP24527-00', 'WEB SENSING ASSY (DR1)', 'RAW MATERIAL NON ASHIMORI (IMP', 'AKWP', '', '', 'PCS', '0000-00-00 00:00:00', 'Admin', '0000-00-00 00:00:00', ''),
(71, 'SWP24528-00', 'C.G ASSY 7° RH', 'RAW MATERIAL NON ASHIMORI (IMP', 'AKWP', '', '', 'PCS', '0000-00-00 00:00:00', 'Admin', '0000-00-00 00:00:00', ''),
(72, 'SWP24648-00', 'PAWL SPRING (DR1)', 'RAW MATERIAL NON ASHIMORI (IMP', 'AKWP', '', '', 'PCS', '0000-00-00 00:00:00', 'Admin', '0000-00-00 00:00:00', ''),
(73, 'SWP24650-00', 'LOCK-RING (DR1)', 'RAW MATERIAL NON ASHIMORI (IMP', 'AKWP', '', '', 'PCS', '0000-00-00 00:00:00', 'Admin', '0000-00-00 00:00:00', ''),
(74, 'SWP24654-00', 'FLYWHEEL (DR1)', 'RAW MATERIAL NON ASHIMORI (IMP', 'AKWP', '', '', 'PCS', '0000-00-00 00:00:00', 'Admin', '0000-00-00 00:00:00', ''),
(75, 'SWP12936-01', 'SAFETY LABEL STC 3PT-LH (160 P)', 'SUB  MATERIAL', 'ART', '', '', 'PCS', '0000-00-00 00:00:00', 'Admin', '0000-00-00 00:00:00', ''),
(76, 'SWP25257-00', 'PAWL (DR1)', 'RAW MATERIAL NON ASHIMORI (IMP', 'AKWP', '', '', 'PCS', '0000-00-00 00:00:00', 'Admin', '0000-00-00 00:00:00', ''),
(77, 'SWP25685-00', 'BAR CLIP ASS`Y', 'RAW MATERIAL NON ASHIMORI (IMP', 'AKWP', '', '', 'PCS', '0000-00-00 00:00:00', 'Admin', '0000-00-00 00:00:00', ''),
(78, 'SWP12936-02', 'SAFETY LABEL STC 3PT-RH (160 P)', 'SUB  MATERIAL', 'ART', '', '', 'PCS', '0000-00-00 00:00:00', 'Admin', '0000-00-00 00:00:00', ''),
(79, 'SWP12937-00', 'SAFETY LABEL STC 2 POINT', 'SUB  MATERIAL', 'ART', '', '', 'PCS', '0000-00-00 00:00:00', 'Admin', '0000-00-00 00:00:00', ''),
(80, 'SWP12937-01', 'SAFETY LABEL STC 2PT (160 P)', 'SUB  MATERIAL', 'ART', '', '', 'PCS', '0000-00-00 00:00:00', 'Admin', '0000-00-00 00:00:00', ''),
(81, 'SWP12938-00', 'SAFETY LABEL ELR 3 POINT', 'SUB  MATERIAL', 'ART', '', '', 'PCS', '0000-00-00 00:00:00', 'Admin', '0000-00-00 00:00:00', ''),
(82, 'SWP12938-01', 'SAFETY LABEL ELR 3PT-LH (160 P)', 'SUB  MATERIAL', 'ART', '', '', 'PCS', '0000-00-00 00:00:00', 'Admin', '0000-00-00 00:00:00', ''),
(83, 'SWP12938-02', 'SAFETY LABEL ELR 3PT-RH (160 P)', 'SUB  MATERIAL', 'ART', '', '', 'PCS', '0000-00-00 00:00:00', 'Admin', '0000-00-00 00:00:00', ''),
(84, 'SWP21007-00', 'BKL. FRAME STRAP', 'RAW MATERIAL NON ASHIMORI (IMP', 'AKWP', '', '', 'PCS', '0000-00-00 00:00:00', 'Admin', '0000-00-00 00:00:00', ''),
(85, 'SWP2100700-00', 'BKL. FRAME FRONT', 'RAW MATERIAL NON ASHIMORI (IMP', 'AKWP', '', '', 'PCS', '0000-00-00 00:00:00', 'Admin', '0000-00-00 00:00:00', ''),
(86, 'SWP12939-00', 'SAFETY LABEL FR 3PT LH-RH (SB 1)', 'SUB  MATERIAL', 'ART', '', '', 'PCS', '0000-00-00 00:00:00', 'Admin', '0000-00-00 00:00:00', ''),
(87, 'SWP21011-00', 'BUCKLE LATCH', 'RAW MATERIAL NON ASHIMORI (IMP', 'AKWP', '', '', 'PCS', '0000-00-00 00:00:00', 'Admin', '0000-00-00 00:00:00', ''),
(88, 'SWP21017-00', 'PAPER WASHER', 'RAW MATERIAL NON ASHIMORI (IMP', 'AKWP', '', '', 'PCS', '0000-00-00 00:00:00', 'Admin', '0000-00-00 00:00:00', ''),
(89, 'PSO100700-04', 'BKL. FRAME FRONT', 'RAW MATERIAL NON ASHIMORI (IMP', 'AKWP', '', '', 'PCS', '0000-00-00 00:00:00', 'Admin', '0000-00-00 00:00:00', ''),
(90, 'SWP1101700-00', 'FIBER WASHER (RED)', 'RAW MATERIAL NON ASHIMORI (IMP', 'AKWP', '', '', 'PCS', '0000-00-00 00:00:00', 'Admin', '0000-00-00 00:00:00', ''),
(91, 'SWP12939-01', 'SAFETY LABEL FR 3PT LH (SB09)', 'SUB  MATERIAL', 'ART', '', '', 'PCS', '0000-00-00 00:00:00', 'Admin', '0000-00-00 00:00:00', ''),
(92, 'SWP12939-02', 'SAFETY LABEL FR 3PT RH (SB08)', 'SUB  MATERIAL', 'ART', '', '', 'PCS', '0000-00-00 00:00:00', 'Admin', '0000-00-00 00:00:00', ''),
(93, 'SWP12939-03', 'SAFETY LABEL RR 3PT LH/RH (SB05)', 'SUB  MATERIAL', 'ART', '', '', 'PCS', '0000-00-00 00:00:00', 'Admin', '0000-00-00 00:00:00', ''),
(94, 'SWP12940-00', 'SAFETY LABEL RR 3PT LH-RH (SB 2)', 'SUB  MATERIAL', 'ART', '', '', 'PCS', '0000-00-00 00:00:00', 'Admin', '0000-00-00 00:00:00', ''),
(95, 'SWP12941-00', 'SAFETY LABEL STC 2PT (SB 3)', 'SUB  MATERIAL', 'ART', '', '', 'PCS', '0000-00-00 00:00:00', 'Admin', '0000-00-00 00:00:00', ''),
(96, 'SWP21152-00', 'CG PAWL 10° OUT LH (BLUE)', 'RAW MATERIAL NON ASHIMORI (IMP', 'AKWP', '', '', 'PCS', '0000-00-00 00:00:00', 'Admin', '0000-00-00 00:00:00', ''),
(97, 'SWP2116-00', 'CG BASE 10° OUT LH (BLUE)', 'RAW MATERIAL NON ASHIMORI (IMP', 'AKWP', '', '', 'PCS', '0000-00-00 00:00:00', 'Admin', '0000-00-00 00:00:00', ''),
(98, 'SWP245070-00', 'CG ASSY BLUE / 0', 'RAW MATERIAL NON ASHIMORI (IMP', 'AKWP', '', '', 'PCS', '0000-00-00 00:00:00', 'Admin', '0000-00-00 00:00:00', ''),
(99, 'SWP23326IV-00', 'BKL COVER TOP CTR IVORY', 'RAW MATERIAL NON ASHIMORI (IMP', 'AKWP', '', '', 'PCS', '0000-00-00 00:00:00', 'Admin', '0000-00-00 00:00:00', ''),
(100, 'SWP21776IV-00', 'BKL COVER BOTTOM CTR IVORY', 'RAW MATERIAL NON ASHIMORI (IMP', 'AKWP', '', '', 'PCS', '0000-00-00 00:00:00', 'Admin', '0000-00-00 00:00:00', ''),
(101, 'SWP22590IV-00', 'ADJ TONGUE COVER IVORY', 'RAW MATERIAL NON ASHIMORI (IMP', 'AKWP', '', '', 'PCS', '0000-00-00 00:00:00', 'Admin', '0000-00-00 00:00:00', ''),
(102, 'SWP12941-01', 'SAFETY LABEL STC 2PT FR (SB07)', 'SUB  MATERIAL', 'ART', '', '', 'PCS', '0000-00-00 00:00:00', 'Admin', '0000-00-00 00:00:00', ''),
(103, 'SWP12941-02', 'SAFETY LABEL STC 2PT RR (SB06)', 'SUB  MATERIAL', 'ART', '', '', 'PCS', '0000-00-00 00:00:00', 'Admin', '0000-00-00 00:00:00', ''),
(104, 'SWP12942-00', 'SAFETY LABEL 3PT LH-RH RR NO.2 (SB 4)', 'SUB  MATERIAL', 'ART', '', '', 'PCS', '0000-00-00 00:00:00', 'Admin', '0000-00-00 00:00:00', ''),
(105, 'SWP50034-00', 'STICKER 73350-BZ120 (D17D)', 'SUB  MATERIAL', 'ART', '', '', 'PCS', '0000-00-00 00:00:00', 'Admin', '0000-00-00 00:00:00', ''),
(106, 'SWP50035-00', 'STICKER 73360-BZ300 (D30D)', 'SUB  MATERIAL', 'ART', '', '', 'PCS', '0000-00-00 00:00:00', 'Admin', '0000-00-00 00:00:00', ''),
(107, 'SWP50036-00', 'STICKER 73370-BZ300 (D30D)', 'SUB  MATERIAL', 'ART', '', '', 'PCS', '0000-00-00 00:00:00', 'Admin', '0000-00-00 00:00:00', ''),
(108, 'SWP50024-00', 'STICKER R LH', 'SUB  MATERIAL', 'ART', '', '', 'PCS', '0000-00-00 00:00:00', 'Admin', '0000-00-00 00:00:00', ''),
(109, 'SWP31772-00', 'SAFETY LABEL ELR 3PT (CL3)', 'SUB  MATERIAL', 'ART', '', '', 'PCS', '0000-00-00 00:00:00', 'Admin', '0000-00-00 00:00:00', ''),
(110, 'SWP31804-00', 'SAFETY LABEL STC 2PT (VT-01)', 'SUB  MATERIAL', 'ART', '', '', 'PCS', '0000-00-00 00:00:00', 'Admin', '0000-00-00 00:00:00', ''),
(111, 'SWP12943-00', 'SAFETY LABEL FR 3PT RH', 'SUB  MATERIAL', 'ART', '', '', 'PCS', '0000-00-00 00:00:00', 'Admin', '0000-00-00 00:00:00', ''),
(112, 'SWP50023-00', 'STICKER R RH', 'SUB  MATERIAL', 'ART', '', '', 'PCS', '0000-00-00 00:00:00', 'Admin', '0000-00-00 00:00:00', ''),
(113, 'SWP50027-00', 'STICKER R2 RH', 'SUB  MATERIAL', 'ART', '', '', 'PCS', '0000-00-00 00:00:00', 'Admin', '0000-00-00 00:00:00', ''),
(114, 'SWP50028-00', 'STICKER R2 LH', 'SUB  MATERIAL', 'ART', '', '', 'PCS', '0000-00-00 00:00:00', 'Admin', '0000-00-00 00:00:00', ''),
(115, 'SWP50029-00', 'STICKER R CTR', 'SUB  MATERIAL', 'ART', '', '', 'PCS', '0000-00-00 00:00:00', 'Admin', '0000-00-00 00:00:00', ''),
(116, 'SWP50030-00', 'STICKER 73560-BZ100 (D01N)', 'SUB  MATERIAL', 'ART', '', '', 'PCS', '0000-00-00 00:00:00', 'Admin', '0000-00-00 00:00:00', ''),
(117, 'SWP50031-00', 'STICKER 73570-BZ100 (D01N)', 'SUB  MATERIAL', 'ART', '', '', 'PCS', '0000-00-00 00:00:00', 'Admin', '0000-00-00 00:00:00', ''),
(118, 'SWP50037-00', 'STICKER F RH', 'SUB  MATERIAL', 'ART', '', '', 'PCS', '0000-00-00 00:00:00', 'Admin', '0000-00-00 00:00:00', ''),
(119, 'SWP50033-00', 'STICKER LH', 'SUB  MATERIAL', 'ART', '', '', 'PCS', '0000-00-00 00:00:00', 'Admin', '0000-00-00 00:00:00', ''),
(120, 'SWP50057-00', 'STICKER RH-D', 'SUB  MATERIAL', 'ART', '', '', 'PCS', '0000-00-00 00:00:00', 'Admin', '0000-00-00 00:00:00', ''),
(121, 'SWP50058-00', 'STICKER RH', 'SUB  MATERIAL', 'ART', '', '', 'PCS', '0000-00-00 00:00:00', 'Admin', '0000-00-00 00:00:00', ''),
(122, 'SWP31820-00', 'SAFETY LABEL ELR VT02', 'SUB  MATERIAL', 'ART', '', '', 'PCS', '0000-00-00 00:00:00', 'Admin', '0000-00-00 00:00:00', ''),
(123, 'SWP31821-00', 'SAFETY LABEL STC VT02', 'SUB  MATERIAL', 'ART', '', '', 'PCS', '0000-00-00 00:00:00', 'Admin', '0000-00-00 00:00:00', ''),
(124, 'SWP11746-00', 'SAFETY LABEL ELR 3PT-RH (160 P) + SWITCH', 'SUB  MATERIAL', 'ART', '', '', 'PCS', '0000-00-00 00:00:00', 'Admin', '0000-00-00 00:00:00', ''),
(125, 'SWP31734-00', 'SAFETY LABEL ELR 3PT (SB18)', 'SUB  MATERIAL', 'ART', '', '', 'PCS', '0000-00-00 00:00:00', 'Admin', '0000-00-00 00:00:00', ''),
(126, 'SWP31735-00', 'SAFETY LABEL ELR 3PT (SB19)', 'SUB  MATERIAL', 'ART', '', '', 'PCS', '0000-00-00 00:00:00', 'Admin', '0000-00-00 00:00:00', ''),
(127, 'SWP31736-00', 'SAFETY LABEL ELR 3PT (SB20)', 'SUB  MATERIAL', 'ART', '', '', 'PCS', '0000-00-00 00:00:00', 'Admin', '0000-00-00 00:00:00', ''),
(128, 'SWP31737-00', 'SAFETY LABEL STC 2PT (SB21)', 'SUB  MATERIAL', 'ART', '', '', 'PCS', '0000-00-00 00:00:00', 'Admin', '0000-00-00 00:00:00', ''),
(129, 'SWP31738-00', 'SAFETY LABEL ELR 3PT (SB22)', 'SUB  MATERIAL', 'ART', '', '', 'PCS', '0000-00-00 00:00:00', 'Admin', '0000-00-00 00:00:00', ''),
(130, 'SWP31739-00', 'SAFETY LABEL ELR 3PT (SB23)', 'SUB  MATERIAL', 'ART', '', '', 'PCS', '0000-00-00 00:00:00', 'Admin', '0000-00-00 00:00:00', ''),
(131, 'SWP31740-00', 'SAFETY LABEL ELR 3PT (SB24)', 'SUB  MATERIAL', 'ART', '', '', 'PCS', '0000-00-00 00:00:00', 'Admin', '0000-00-00 00:00:00', ''),
(132, 'SWP31741-00', 'SAFETY LABEL STC 2PT (SB25)', 'SUB  MATERIAL', 'ART', '', '', 'PCS', '0000-00-00 00:00:00', 'Admin', '0000-00-00 00:00:00', ''),
(133, 'SWP31742-00', 'SAFETY LABEL ELR 3PT (SB26)', 'SUB  MATERIAL', 'ART', '', '', 'PCS', '0000-00-00 00:00:00', 'Admin', '0000-00-00 00:00:00', ''),
(134, 'SWP31743-00', 'SAFETY LABEL STC 2PT (SB27)', 'SUB  MATERIAL', 'ART', '', '', 'PCS', '0000-00-00 00:00:00', 'Admin', '0000-00-00 00:00:00', ''),
(135, 'SWP31744-00', 'SAFETY LABEL ELR 3PT RR CTR (SBXX)', 'SUB  MATERIAL', 'ART', '', '', 'PCS', '0000-00-00 00:00:00', 'Admin', '0000-00-00 00:00:00', ''),
(136, 'SWP31745-00', 'SAFETY LABEL CAUTION', 'SUB  MATERIAL', 'ART', '', '', 'PCS', '0000-00-00 00:00:00', 'Admin', '0000-00-00 00:00:00', ''),
(137, 'SWP31746-00', 'SAFETY LABEL ELR 3PT FR (SBXX)', 'SUB  MATERIAL', 'ART', '', '', 'PCS', '0000-00-00 00:00:00', 'Admin', '0000-00-00 00:00:00', ''),
(138, 'SWP31747-00', 'SAFETY LABEL ELR 3PT FR (SBXX)', 'SUB  MATERIAL', 'ART', '', '', 'PCS', '0000-00-00 00:00:00', 'Admin', '0000-00-00 00:00:00', ''),
(139, 'SWP31748-00', 'SAFETY LABEL ELR 3PT (DR3)', 'SUB  MATERIAL', 'ART', '', '', 'PCS', '0000-00-00 00:00:00', 'Admin', '0000-00-00 00:00:00', ''),
(140, 'SWP31749-00', 'SAFETY LABEL ELR 3PT (DL3)', 'SUB  MATERIAL', 'ART', '', '', 'PCS', '0000-00-00 00:00:00', 'Admin', '0000-00-00 00:00:00', ''),
(141, 'SWP31750-00', 'SAFETY LABEL ELR 3PT (BR3)', 'SUB  MATERIAL', 'ART', '', '', 'PCS', '0000-00-00 00:00:00', 'Admin', '0000-00-00 00:00:00', ''),
(142, 'SWP31751-00', 'SAFETY LABEL ELR 3PT (BL3)', 'SUB  MATERIAL', 'ART', '', '', 'PCS', '0000-00-00 00:00:00', 'Admin', '0000-00-00 00:00:00', ''),
(143, 'SWP31752-00', 'SAFETY LABEL ELR 3PT - CAUTION (BC3)', 'SUB  MATERIAL', 'ART', '', '', 'PCS', '0000-00-00 00:00:00', 'Admin', '0000-00-00 00:00:00', ''),
(144, 'SWP31765-00', 'SAFETY LABEL STC 2PT RR (SB33)', 'SUB  MATERIAL', 'ART', '', '', 'PCS', '0000-00-00 00:00:00', 'Admin', '0000-00-00 00:00:00', ''),
(145, 'SWP31771-00', 'SAFETY LABEL ELR 3PT (CR3)', 'SUB  MATERIAL', 'ART', '', '', 'PCS', '0000-00-00 00:00:00', 'Admin', '0000-00-00 00:00:00', ''),
(146, 'SWP31773-00', 'SAFETY LABEL STC 2PT (E23)', 'SUB  MATERIAL', 'ART', '', '', 'PCS', '0000-00-00 00:00:00', 'Admin', '0000-00-00 00:00:00', ''),
(147, 'SWP31803-00', 'SAFETY LABEL STC 3PT RH/LH (VT-01)', 'SUB  MATERIAL', 'ART', '', '', 'PCS', '0000-00-00 00:00:00', 'Admin', '0000-00-00 00:00:00', ''),
(148, 'SWP31793-00', 'SAFETY LABEL ELR 3PT RR CTR (4C5)', 'SUB  MATERIAL', 'ART', '', '', 'PCS', '0000-00-00 00:00:00', 'Admin', '0000-00-00 00:00:00', ''),
(149, 'SWP50005-00', 'STICKER PASSED 2 (KUNING)', 'SUB  MATERIAL', 'ART', '', '', 'PCS', '0000-00-00 00:00:00', 'Admin', '0000-00-00 00:00:00', ''),
(150, 'SWP50006-00', 'STICKER PASSED 3 (KUNING)', 'SUB  MATERIAL', 'ART', '', '', 'PCS', '0000-00-00 00:00:00', 'Admin', '0000-00-00 00:00:00', ''),
(151, 'SWP50007-00', 'STICKER PASSED 4 (KUNING)', 'SUB  MATERIAL', 'ART', '', '', 'PCS', '0000-00-00 00:00:00', 'Admin', '0000-00-00 00:00:00', ''),
(152, 'SWP50008-00', 'STICKER PASSED 5 (KUNING)', 'SUB  MATERIAL', 'ART', '', '', 'PCS', '0000-00-00 00:00:00', 'Admin', '0000-00-00 00:00:00', ''),
(153, 'SWP50009-00', 'STICKER PASSED 6 (KUNING)', 'SUB  MATERIAL', 'ART', '', '', 'PCS', '0000-00-00 00:00:00', 'Admin', '0000-00-00 00:00:00', ''),
(154, 'SWP50010-00', 'STICKER LH-D', 'SUB  MATERIAL', 'ART', '', '', 'PCS', '0000-00-00 00:00:00', 'Admin', '0000-00-00 00:00:00', ''),
(155, 'SWP50011-00', 'STICKER 73360-BZ270 (D01N)', 'SUB  MATERIAL', 'ART', '', '', 'PCS', '0000-00-00 00:00:00', 'Admin', '0000-00-00 00:00:00', ''),
(156, 'SWP50012-00', 'STICKER 73370-BZ270 (D01N)', 'SUB  MATERIAL', 'ART', '', '', 'PCS', '0000-00-00 00:00:00', 'Admin', '0000-00-00 00:00:00', ''),
(157, 'SWP50013-00', 'STICKER 73350-BZ140 (D30D)', 'SUB  MATERIAL', 'ART', '', '', 'PCS', '0000-00-00 00:00:00', 'Admin', '0000-00-00 00:00:00', ''),
(158, 'SWP50014-00', 'STICKER 73570-BZ110 (D30D)', 'SUB  MATERIAL', 'ART', '', '', 'PCS', '0000-00-00 00:00:00', 'Admin', '0000-00-00 00:00:00', ''),
(159, 'SWP50015-00', 'STICKER 73560-BZ110 (D30D)', 'SUB  MATERIAL', 'ART', '', '', 'PCS', '0000-00-00 00:00:00', 'Admin', '0000-00-00 00:00:00', ''),
(160, 'SWP50016-00', 'STICKER 73210-BZ271 (D16B)', 'SUB  MATERIAL', 'ART', '', '', 'PCS', '0000-00-00 00:00:00', 'Admin', '0000-00-00 00:00:00', ''),
(161, 'SWP50017-00', 'STICKER 73220-BZ251 (D16B)', 'SUB  MATERIAL', 'ART', '', '', 'PCS', '0000-00-00 00:00:00', 'Admin', '0000-00-00 00:00:00', ''),
(162, 'SWP50067-00', 'STICKER PASSED 4 (Ø19MM)', 'SUB MATERIAL', 'ART', '', '', 'PCS', '0000-00-00 00:00:00', 'Admin', '0000-00-00 00:00:00', ''),
(163, 'SWP50068-00', 'STICKER PASSED 5 (Ø19MM)', 'SUB MATERIAL', 'ART', '', '', 'PCS', '0000-00-00 00:00:00', 'Admin', '0000-00-00 00:00:00', ''),
(164, 'SWP50069-00', 'STICKER PASSED 6 (Ø19MM)', 'SUB MATERIAL', 'ART', '', '', 'PCS', '0000-00-00 00:00:00', 'Admin', '0000-00-00 00:00:00', ''),
(165, 'SWP50064-00', 'STICKER PASSED 1 (Ø19MM)', 'SUB MATERIAL', 'ART', '', '', 'PCS', '0000-00-00 00:00:00', 'Admin', '0000-00-00 00:00:00', ''),
(166, 'SWP50065-00', 'STICKER PASSED 2 (Ø19MM)', 'SUB MATERIAL', 'ART', '', '', 'PCS', '0000-00-00 00:00:00', 'Admin', '0000-00-00 00:00:00', ''),
(167, 'SWP50066-00', 'STICKER PASSED 3 (Ø19MM)', 'SUB MATERIAL', 'ART', '', '', 'PCS', '0000-00-00 00:00:00', 'Admin', '0000-00-00 00:00:00', ''),
(168, 'BAG530017(AC)', 'COVER, LOWER (WEBBING STALK) NEW CANTER', 'RAW MATERIAL. NON ASHIMORI (LO', 'AKC', '', '', 'PCS', '0000-00-00 00:00:00', 'Admin', '0000-00-00 00:00:00', ''),
(169, 'BAG530007(AC)', 'COVER, UPPER (WEBBING STALK) NEW CANTER', 'RAW MATERIAL. NON ASHIMORI (LO', 'AKC', '', '', 'PCS', '0000-00-00 00:00:00', 'Admin', '0000-00-00 00:00:00', ''),
(170, 'BGD00112701', 'SENSOR HOLDER (+22°)', 'RAW MATERIAL.  ASHIMORI', 'AKC', '', '', 'PCS', '0000-00-00 00:00:00', 'Admin', '0000-00-00 00:00:00', ''),
(171, 'BGD030057', 'LOCKING ARM', 'RAW MATERIAL.  ASHIMORI', 'AKC', '', '', 'PCS', '0000-00-00 00:00:00', 'Admin', '0000-00-00 00:00:00', ''),
(172, 'BDG120001(BL)', 'TONGUE ASSY (NEW CANTER - BLACK)', 'RAW MATERIAL.  ASHIMORI', 'AKC', '', '', 'PCS', '0000-00-00 00:00:00', 'Admin', '0000-00-00 00:00:00', ''),
(173, 'EEG010037K', 'PUSH NUT', 'RAW MATERIAL.  ASHIMORI', 'AKC', '', '', 'PCS', '0000-00-00 00:00:00', 'Admin', '0000-00-00 00:00:00', ''),
(174, 'EEG150037X', 'PUSH NUT (F24)', 'RAW MATERIAL.  ASHIMORI', 'AKC', '', '', 'PCS', '0000-00-00 00:00:00', 'Admin', '0000-00-00 00:00:00', ''),
(175, 'BJA770017', 'ANCHOR PLATE (30°)', 'RAW MATERIAL.  ASHIMORI', 'AKC', '', '', 'PCS', '0000-00-00 00:00:00', 'Admin', '0000-00-00 00:00:00', ''),
(176, 'BJA970017', 'PLATE, ANCHOR (90°-LARGE)', 'RAW MATERIAL.  ASHIMORI', 'AKC', '', '', 'PCS', '0000-00-00 00:00:00', 'Admin', '0000-00-00 00:00:00', ''),
(177, 'BJA980017', 'PLATE, ANCHOR (30°-LARGE)', 'RAW MATERIAL.  ASHIMORI', 'AKC', '', '', 'PCS', '0000-00-00 00:00:00', 'Admin', '0000-00-00 00:00:00', ''),
(178, 'BJA990197', 'PROTECTOR (L/ANCHOR)', 'RAW MATERIAL.  ASHIMORI', 'AKC', '', '', 'PCS', '0000-00-00 00:00:00', 'Admin', '0000-00-00 00:00:00', ''),
(179, 'BGK150007', 'PROTECTOR (RC0)', 'RAW MATERIAL.  ASHIMORI', 'AKC', '', '', 'PCS', '0000-00-00 00:00:00', 'Admin', '0000-00-00 00:00:00', ''),
(180, 'BGK030007', 'CAP', 'RAW MATERIAL.  ASHIMORI', 'AKC', '', '', 'PCS', '0000-00-00 00:00:00', 'Admin', '0000-00-00 00:00:00', ''),
(181, 'BGK030027', 'MECHANISM COVER (BLACK)', 'RAW MATERIAL.  ASHIMORI', 'AKC', '', '', 'PCS', '0000-00-00 00:00:00', 'Admin', '0000-00-00 00:00:00', ''),
(182, 'BGK030187', 'MECHANISM COVER (HORIZONTAL TYPE)', 'RAW MATERIAL.  ASHIMORI', 'AKC', '', '', 'PCS', '0000-00-00 00:00:00', 'Admin', '0000-00-00 00:00:00', ''),
(183, 'BGK040037', 'WEIGHT SENSOR', 'RAW MATERIAL.  ASHIMORI', 'AKC', '', '', 'PCS', '0000-00-00 00:00:00', 'Admin', '0000-00-00 00:00:00', ''),
(184, 'BGK062001', 'FLAT SPIRAL SPRING ASSY', 'RAW MATERIAL.  ASHIMORI', 'AKC', '', '', 'PCS', '0000-00-00 00:00:00', 'Admin', '0000-00-00 00:00:00', ''),
(185, 'BGK110002K1', 'PAWL ASSY', 'RAW MATERIAL.  ASHIMORI', 'AKC', '', '', 'PCS', '0000-00-00 00:00:00', 'Admin', '0000-00-00 00:00:00', ''),
(186, 'BGD00068701', 'SENSOR HOLDER (-22°)', 'RAW MATERIAL.  ASHIMORI', 'AKC', '', '', 'PCS', '0000-00-00 00:00:00', 'Admin', '0000-00-00 00:00:00', ''),
(187, 'BGD00084701', 'SENSOR HOLDER (-6°)', 'RAW MATERIAL.  ASHIMORI', 'AKC', '', '', 'PCS', '0000-00-00 00:00:00', 'Admin', '0000-00-00 00:00:00', ''),
(188, 'BGD00090701', 'SENSOR HOLDER (0°)', 'RAW MATERIAL.  ASHIMORI', 'AKC', '', '', 'PCS', '0000-00-00 00:00:00', 'Admin', '0000-00-00 00:00:00', ''),
(189, 'BGD00090711', 'SENSOR HOLDER (0°-0.7G)', 'RAW MATERIAL.  ASHIMORI', 'AKC', '', '', 'PCS', '0000-00-00 00:00:00', 'Admin', '0000-00-00 00:00:00', ''),
(190, 'BGD00096701', 'SENSOR HOLDER (+6°)', 'RAW MATERIAL.  ASHIMORI', 'AKC', '', '', 'PCS', '0000-00-00 00:00:00', 'Admin', '0000-00-00 00:00:00', ''),
(191, 'BGD01068701', 'SENSOR LEVER (-22°)', 'RAW MATERIAL.  ASHIMORI', 'AKC', '', '', 'PCS', '0000-00-00 00:00:00', 'Admin', '0000-00-00 00:00:00', ''),
(192, 'BGD01084701', 'SENSOR LEVER (-6°)', 'RAW MATERIAL.  ASHIMORI', 'AKC', '', '', 'PCS', '0000-00-00 00:00:00', 'Admin', '0000-00-00 00:00:00', ''),
(193, 'BGD01090701', 'SENSOR LEVER (0°)', 'RAW MATERIAL.  ASHIMORI', 'AKC', '', '', 'PCS', '0000-00-00 00:00:00', 'Admin', '0000-00-00 00:00:00', ''),
(194, 'BGD01096701', 'SENSOR LEVER (+6°)', 'RAW MATERIAL.  ASHIMORI', 'AKC', '', '', 'PCS', '0000-00-00 00:00:00', 'Admin', '0000-00-00 00:00:00', ''),
(195, 'BGD01112701', 'SENSOR LEVER (+22°)', 'RAW MATERIAL.  ASHIMORI', 'AKC', '', '', 'PCS', '0000-00-00 00:00:00', 'Admin', '0000-00-00 00:00:00', ''),
(196, 'BGD030177', 'LOCKING CLUTCH', 'RAW MATERIAL.  ASHIMORI', 'AKC', '', '', 'PCS', '0000-00-00 00:00:00', 'Admin', '0000-00-00 00:00:00', ''),
(197, 'BGE040027', 'SENSOR SPRING', 'RAW MATERIAL.  ASHIMORI', 'AKC', '', '', 'PCS', '0000-00-00 00:00:00', 'Admin', '0000-00-00 00:00:00', ''),
(198, 'BGE040037', 'RETURN SPRING', 'RAW MATERIAL.  ASHIMORI', 'AKC', '', '', 'PCS', '0000-00-00 00:00:00', 'Admin', '0000-00-00 00:00:00', ''),
(199, 'BGE150017', 'LOCK PIN', 'RAW MATERIAL.  ASHIMORI', 'AKC', '', '', 'PCS', '0000-00-00 00:00:00', 'Admin', '0000-00-00 00:00:00', ''),
(200, 'BEG410007', 'PLATE TONGUE (ADJUSTER) CTR', 'RAW MATERIAL.  ASHIMORI', 'AKC', '', '', 'PCS', '0000-00-00 00:00:00', 'Admin', '0000-00-00 00:00:00', ''),
(201, 'BAG550007', 'PROTECTOR (AL02)', 'RAW MATERIAL.  ASHIMORI', 'AKC', '', '', 'PCS', '0000-00-00 00:00:00', 'Admin', '0000-00-00 00:00:00', ''),
(202, 'BEG450007K1', 'RETAINER', 'RAW MATERIAL.  ASHIMORI', 'AKC', '', '', 'PCS', '0000-00-00 00:00:00', 'Admin', '0000-00-00 00:00:00', ''),
(203, 'BDG120001 (BK)', 'TONGUE ASSY (202B)', 'RAW MATERIAL.  ASHIMORI', 'AKC', '', '', 'PCS', '0000-00-00 00:00:00', 'Admin', '0000-00-00 00:00:00', ''),
(204, 'BDG120001 (AC)', 'TONGUE ASSY (NEW CANTER)', 'RAW MATERIAL.  ASHIMORI', 'AKC', '', '', 'PCS', '0000-00-00 00:00:00', 'Admin', '0000-00-00 00:00:00', ''),
(205, 'BDG120001 (AQ)', 'TONGUE ASSY (AQ)', 'RAW MATERIAL.  ASHIMORI', 'AKC', '', '', 'PCS', '0000-00-00 00:00:00', 'Admin', '0000-00-00 00:00:00', ''),
(206, 'BDC320001K', 'CONNECTOR TONGUE', 'RAW MATERIAL.  ASHIMORI', 'AKC', '', '', 'PCS', '0000-00-00 00:00:00', 'Admin', '0000-00-00 00:00:00', ''),
(207, 'BAG120007', 'FRAME (METAL STALK)', 'RAW MATERIAL.  ASHIMORI', 'AKC', '', '', 'PCS', '0000-00-00 00:00:00', 'Admin', '0000-00-00 00:00:00', ''),
(208, 'BAG050007', 'SPRING (EJECTOR)', 'RAW MATERIAL.  ASHIMORI', 'AKC', '', '', 'PCS', '0000-00-00 00:00:00', 'Admin', '0000-00-00 00:00:00', ''),
(209, 'BAG150007', 'RIVET (AL02)', 'RAW MATERIAL.  ASHIMORI', 'AKC', '', '', 'PCS', '0000-00-00 00:00:00', 'Admin', '0000-00-00 00:00:00', ''),
(210, 'BAG520007', 'FRAME (WEBBING STALK)', 'RAW MATERIAL.  ASHIMORI', 'AKC', '', '', 'PCS', '0000-00-00 00:00:00', 'Admin', '0000-00-00 00:00:00', ''),
(211, 'BAG010007', 'HOOK', 'RAW MATERIAL.  ASHIMORI', 'AKC', '', '', 'PCS', '0000-00-00 00:00:00', 'Admin', '0000-00-00 00:00:00', ''),
(212, 'BAG010017', 'BAR, RELEASE', 'RAW MATERIAL.  ASHIMORI', 'AKC', '', '', 'PCS', '0000-00-00 00:00:00', 'Admin', '0000-00-00 00:00:00', ''),
(213, 'BAG020007', 'EJECTOR', 'RAW MATERIAL.  ASHIMORI', 'AKC', '', '', 'PCS', '0000-00-00 00:00:00', 'Admin', '0000-00-00 00:00:00', ''),
(214, 'BAG020017', 'LINK', 'RAW MATERIAL.  ASHIMORI', 'AKC', '', '', 'PCS', '0000-00-00 00:00:00', 'Admin', '0000-00-00 00:00:00', ''),
(215, 'BAG020027', 'BUTTON SLIDE', 'RAW MATERIAL.  ASHIMORI', 'AKC', '', '', 'PCS', '0000-00-00 00:00:00', 'Admin', '0000-00-00 00:00:00', ''),
(216, '1536-111-00', 'FRAME (MINI CTR)', 'RAW MATERIAL.  ASHIMORI', 'AKC', '', '', 'PCS', '0000-00-00 00:00:00', 'Admin', '0000-00-00 00:00:00', ''),
(217, '1536-112-00', 'HOOK', 'RAW MATERIAL.  ASHIMORI', 'AKC', '', '', 'PCS', '0000-00-00 00:00:00', 'Admin', '0000-00-00 00:00:00', ''),
(218, '1536-113-00', 'EJECTOR (MINI BKL)', 'RAW MATERIAL.  ASHIMORI', 'AKC', '', '', 'PCS', '0000-00-00 00:00:00', 'Admin', '0000-00-00 00:00:00', ''),
(219, '1536-114-02', 'PUSH BUTTON (MINI BKL)', 'RAW MATERIAL.  ASHIMORI', 'AKC', '', '', 'PCS', '0000-00-00 00:00:00', 'Admin', '0000-00-00 00:00:00', ''),
(220, '1536-115-00', 'FLAT SPRING (MINI BKL)', 'RAW MATERIAL.  ASHIMORI', 'AKC', '', '', 'PCS', '0000-00-00 00:00:00', 'Admin', '0000-00-00 00:00:00', ''),
(221, '1536-116-00', 'SPRING COIL (MINI BKL)', 'RAW MATERIAL.  ASHIMORI', 'AKC', '', '', 'PCS', '0000-00-00 00:00:00', 'Admin', '0000-00-00 00:00:00', ''),
(222, '1536-118-00', 'LOWER COVER', 'RAW MATERIAL.  ASHIMORI', 'AKC', '', '', 'PCS', '0000-00-00 00:00:00', 'Admin', '0000-00-00 00:00:00', ''),
(223, '1536-128-00', 'UPPER COVER', 'RAW MATERIAL.  ASHIMORI', 'AKC', '', '', 'PCS', '0000-00-00 00:00:00', 'Admin', '0000-00-00 00:00:00', ''),
(224, '26736-00-00-YY', 'CONNECT TONGUE', 'RAW MATERIAL.  ASHIMORI', 'AKC', '', '', 'PCS', '0000-00-00 00:00:00', 'Admin', '0000-00-00 00:00:00', ''),
(225, 'BAG530007 (BEIGE)', 'COVER, UPPER (WEBBING STALK) BEIGE', 'RAW MATERIAL.  ASHIMORI', 'AKC', '', '', 'PCS', '0000-00-00 00:00:00', 'Admin', '0000-00-00 00:00:00', ''),
(226, 'BAG530007 (IVORY)', 'COVER, UPPER (SIDE) IVORY', 'RAW MATERIAL.  ASHIMORI', 'AKC', '', '', 'PCS', '0000-00-00 00:00:00', 'Admin', '0000-00-00 00:00:00', ''),
(227, 'BAG150007H', 'RIVET', 'RAW MATERIAL.  ASHIMORI', 'AKC', '', '', 'PCS', '0000-00-00 00:00:00', 'Admin', '0000-00-00 00:00:00', ''),
(228, 'BAG120007H', 'BKL. FRAME (STRAP)', 'RAW MATERIAL ASHIMORI', 'AKC', '', '', 'PCS', '0000-00-00 00:00:00', 'Admin', '0000-00-00 00:00:00', ''),
(229, 'BAG130017 (BEIGE)', 'COVER, LOWER (METAL STALK) BEIGE', 'RAW MATERIAL.  ASHIMORI', 'AKC', '', '', 'PCS', '0000-00-00 00:00:00', 'Admin', '0000-00-00 00:00:00', ''),
(230, 'BAG130017 (IVORY)', 'COVER, LOWER (METAL STALK) IVORY', 'RAW MATERIAL.  ASHIMORI', 'AKC', '', '', 'PCS', '0000-00-00 00:00:00', 'Admin', '0000-00-00 00:00:00', ''),
(231, 'BAG130007 (BEIGE)', 'COVER, UPPER (METAL STALK) BEIGE', 'RAW MATERIAL.  ASHIMORI', 'AKC', '', '', 'PCS', '0000-00-00 00:00:00', 'Admin', '0000-00-00 00:00:00', ''),
(232, 'BAG130007 (IVORY)', 'COVER, UPPER (METAL STALK) IVORY', 'RAW MATERIAL.  ASHIMORI', 'AKC', '', '', 'PCS', '0000-00-00 00:00:00', 'Admin', '0000-00-00 00:00:00', ''),
(233, '715360-11-40', 'PLATE, ANCHOR (60°)', 'RAW MATERIAL.  ASHIMORI', 'AKC', '', '', 'PCS', '0000-00-00 00:00:00', 'Admin', '0000-00-00 00:00:00', ''),
(234, '715490-11-31', 'PLATE, ANCHOR (90°)', 'RAW MATERIAL.  ASHIMORI', 'AKC', '', '', 'PCS', '0000-00-00 00:00:00', 'Admin', '0000-00-00 00:00:00', ''),
(235, 'BAG030007', 'BUCKLE SWITCH', 'RAW MATERIAL.  ASHIMORI', 'AKC', '', '', 'PCS', '0000-00-00 00:00:00', 'Admin', '0000-00-00 00:00:00', ''),
(236, 'A7153601H92', 'ANCHOR PLATE-SINGLE 60', 'RAW MATERIAL.  ASHIMORI', 'AKC', '', '', 'PCS', '0000-00-00 00:00:00', 'Admin', '0000-00-00 00:00:00', ''),
(237, 'A7154901H92', 'ANCHOR PLATE 90° (COM)', 'RAW MATERIAL.  ASHIMORI', 'AKC', '', '', 'PCS', '0000-00-00 00:00:00', 'Admin', '0000-00-00 00:00:00', ''),
(238, 'BAG010007H', 'HOOK', 'RAW MATERIAL.  ASHIMORI', 'AKC', '', '', 'PCS', '0000-00-00 00:00:00', 'Admin', '0000-00-00 00:00:00', ''),
(239, 'BAG010017H', 'BAR, RELEASE', 'RAW MATERIAL.  ASHIMORI', 'AKC', '', '', 'PCS', '0000-00-00 00:00:00', 'Admin', '0000-00-00 00:00:00', ''),
(240, 'BGK030007H', 'DRUM CAP', 'RAW MATERIAL.  ASHIMORI', 'AKC', '', '', 'PCS', '0000-00-00 00:00:00', 'Admin', '0000-00-00 00:00:00', ''),
(241, 'BGK030017', 'MECHANISM COVER (WHITE)', 'RAW MATERIAL.  ASHIMORI', 'AKC', '', '', 'PCS', '0000-00-00 00:00:00', 'Admin', '0000-00-00 00:00:00', ''),
(242, 'BGK030017H', 'MECHANISM COVER (0-6)', 'RAW MATERIAL.  ASHIMORI', 'AKC', '', '', 'PCS', '0000-00-00 00:00:00', 'Admin', '0000-00-00 00:00:00', ''),
(243, 'BGK030027H', 'MECHANISM COVER (10-30)', 'RAW MATERIAL.  ASHIMORI', 'AKC', '', '', 'PCS', '0000-00-00 00:00:00', 'Admin', '0000-00-00 00:00:00', ''),
(244, 'BGK030187H', 'MECHANISM COVER (HORIZONTAL TYPE)', 'RAW MATERIAL.  ASHIMORI', 'AKC', '', '', 'PCS', '0000-00-00 00:00:00', 'Admin', '0000-00-00 00:00:00', ''),
(245, 'BEG120001K0', 'TONGUE ASSY CENTER', 'RAW MATERIAL.  ASHIMORI', 'AKC', '', '', 'PCS', '0000-00-00 00:00:00', 'Admin', '0000-00-00 00:00:00', ''),
(246, 'BEG120001K0 (202B)', 'TONGUE ASSY CTR', 'RAW MATERIAL.  ASHIMORI', 'AKC', '', '', 'PCS', '0000-00-00 00:00:00', 'Admin', '0000-00-00 00:00:00', ''),
(247, 'BEG120001K0(BK)', 'TONGUE ASSY CENTER (202B)', 'RAW MATERIAL.  ASHIMORI', 'AKC', '', '', 'PCS', '0000-00-00 00:00:00', 'Admin', '0000-00-00 00:00:00', ''),
(248, 'BEG410007H', 'PLATE TONGUE (CTR)', 'RAW MATERIAL.  ASHIMORI', 'AKC', '', '', 'PCS', '0000-00-00 00:00:00', 'Admin', '0000-00-00 00:00:00', ''),
(249, 'BEF460007 (IVORY)', 'CVR CTR FOR ADJ TONGUE (IVORY)', 'RAW MATERIAL.  ASHIMORI', 'AKC', '', '', 'PCS', '0000-00-00 00:00:00', 'Admin', '0000-00-00 00:00:00', ''),
(250, 'BGD00000720', 'SENSOR HOLDER (HORIZONTAL)', 'RAW MATERIAL.  ASHIMORI', 'AKC', '', '', 'PCS', '0000-00-00 00:00:00', 'Admin', '0000-00-00 00:00:00', ''),
(251, 'BGD00064700', 'SENSOR HOLDER (-26°)', 'RAW MATERIAL.  ASHIMORI', 'AKC', '', '', 'PCS', '0000-00-00 00:00:00', 'Admin', '0000-00-00 00:00:00', ''),
(252, 'BGD00068701H', 'SENSOR HOLDER (-22°)', 'RAW MATERIAL.  ASHIMORI', 'AKC', '', '', 'PCS', '0000-00-00 00:00:00', 'Admin', '0000-00-00 00:00:00', ''),
(253, 'BGD00076700', 'SENSOR HOLDER (-14°)', 'RAW MATERIAL.  ASHIMORI', 'AKC', '', '', 'PCS', '0000-00-00 00:00:00', 'Admin', '0000-00-00 00:00:00', ''),
(254, 'BGD00084701H', 'SENSOR HOLDER (-6°)', 'RAW MATERIAL.  ASHIMORI', 'AKC', '', '', 'PCS', '0000-00-00 00:00:00', 'Admin', '0000-00-00 00:00:00', ''),
(255, 'BGD00090701H', 'SENSOR HOLDER (0°)', 'RAW MATERIAL.  ASHIMORI', 'AKC', '', '', 'PCS', '0000-00-00 00:00:00', 'Admin', '0000-00-00 00:00:00', ''),
(256, 'BGD00090711H', 'SENSOR HOLDER (0°) Truck (N.Canter)', 'RAW MATERIAL.  ASHIMORI', 'AKC', '', '', 'PCS', '0000-00-00 00:00:00', 'Admin', '0000-00-00 00:00:00', ''),
(257, 'BGD00096701H', 'SENSOR HOLDER (+6°)', 'RAW MATERIAL.  ASHIMORI', 'AKC', '', '', 'PCS', '0000-00-00 00:00:00', 'Admin', '0000-00-00 00:00:00', ''),
(258, 'BGD00104700', 'SENSOR HOLDER (+14°)', 'RAW MATERIAL.  ASHIMORI', 'AKC', '', '', 'PCS', '0000-00-00 00:00:00', 'Admin', '0000-00-00 00:00:00', ''),
(259, 'BGD00108700', 'SENSOR HOLDER (+18°)', 'RAW MATERIAL.  ASHIMORI', 'AKC', '', '', 'PCS', '0000-00-00 00:00:00', 'Admin', '0000-00-00 00:00:00', ''),
(260, 'SWP11172-00', 'CG BASE 0° (WHITE)', 'RAW MATERIAL LOCAL', 'AKWP', '', '', 'PCS', '0000-00-00 00:00:00', 'Admin', '0000-00-00 00:00:00', ''),
(261, 'BGD00112701H', 'SENSOR HOLDER (+22°)', 'RAW MATERIAL.  ASHIMORI', 'AKC', '', '', 'PCS', '0000-00-00 00:00:00', 'Admin', '0000-00-00 00:00:00', ''),
(262, 'BGD01000720', 'SENSOR LEVER (HORIZONTAL)', 'RAW MATERIAL.  ASHIMORI', 'AKC', '', '', 'PCS', '0000-00-00 00:00:00', 'Admin', '0000-00-00 00:00:00', ''),
(263, 'BGD01064700', 'SENSOR LEVER (-26°)', 'RAW MATERIAL.  ASHIMORI', 'AKC', '', '', 'PCS', '0000-00-00 00:00:00', 'Admin', '0000-00-00 00:00:00', ''),
(264, 'BGD01068701H', 'SENSOR LEVER (-22°)', 'RAW MATERIAL.  ASHIMORI', 'AKC', '', '', 'PCS', '0000-00-00 00:00:00', 'Admin', '0000-00-00 00:00:00', ''),
(265, 'BGD01076700', 'SENSOR LEVER (-14°)', 'RAW MATERIAL.  ASHIMORI', 'AKC', '', '', 'PCS', '0000-00-00 00:00:00', 'Admin', '0000-00-00 00:00:00', ''),
(266, 'BGD01084701H', 'SENSOR LEVER (-6°)', 'RAW MATERIAL.  ASHIMORI', 'AKC', '', '', 'PCS', '0000-00-00 00:00:00', 'Admin', '0000-00-00 00:00:00', ''),
(267, 'BGD01090701H', 'SENSOR LEVER (0°)', 'RAW MATERIAL.  ASHIMORI', 'AKC', '', '', 'PCS', '0000-00-00 00:00:00', 'Admin', '0000-00-00 00:00:00', ''),
(268, 'BGD01096701H', 'SENSOR LEVER (+6°)', 'RAW MATERIAL.  ASHIMORI', 'AKC', '', '', 'PCS', '0000-00-00 00:00:00', 'Admin', '0000-00-00 00:00:00', ''),
(269, 'BGD01104700', 'SENSOR LEVER (+14°)', 'RAW MATERIAL.  ASHIMORI', 'AKC', '', '', 'PCS', '0000-00-00 00:00:00', 'Admin', '0000-00-00 00:00:00', ''),
(270, 'BGD01108700', 'SENSOR LEVER (+18°)', 'RAW MATERIAL.  ASHIMORI', 'AKC', '', '', 'PCS', '0000-00-00 00:00:00', 'Admin', '0000-00-00 00:00:00', ''),
(271, 'BGD01112701H', 'SENSOR LEVER (+22°)', 'RAW MATERIAL.  ASHIMORI', 'AKC', '', '', 'PCS', '0000-00-00 00:00:00', 'Admin', '0000-00-00 00:00:00', ''),
(272, 'BGD030057H', 'LOCKING ARM', 'RAW MATERIAL.  ASHIMORI', 'AKC', '', '', 'PCS', '0000-00-00 00:00:00', 'Admin', '0000-00-00 00:00:00', ''),
(273, 'BGD030177H', 'LOCKING CLUTCH', 'RAW MATERIAL.  ASHIMORI', 'AKC', '', '', 'PCS', '0000-00-00 00:00:00', 'Admin', '0000-00-00 00:00:00', ''),
(274, 'BGE040027H', 'SENSOR SPRING', 'RAW MATERIAL.  ASHIMORI', 'AKC', '', '', 'PCS', '0000-00-00 00:00:00', 'Admin', '0000-00-00 00:00:00', ''),
(275, 'BGE040037H', 'RETURN SPRING', 'RAW MATERIAL.  ASHIMORI', 'AKC', '', '', 'PCS', '0000-00-00 00:00:00', 'Admin', '0000-00-00 00:00:00', ''),
(276, 'BDG120001 (202B)', 'TONGUE ASSY SIDE (202B)', 'RAW MATERIAL.  ASHIMORI', 'AKC', '', '', 'PCS', '0000-00-00 00:00:00', 'Admin', '0000-00-00 00:00:00', ''),
(277, 'BDG120001(N.CANTER)', 'TONGUE MD.GREY', 'RAW MATERIAL.  ASHIMORI', 'AKC', '', '', 'PCS', '0000-00-00 00:00:00', 'Admin', '0000-00-00 00:00:00', ''),
(278, 'BDG120001H(AQ)', 'TONGUE ASSY (AQ)', 'RAW MATERIAL.  ASHIMORI', 'AKC', '', '', 'PCS', '0000-00-00 00:00:00', 'Admin', '0000-00-00 00:00:00', ''),
(279, 'BBG530007 (BEIGE)', 'COVER, UPPER CTR (WEBBING STALK) BEIGE', 'RAW MATERIAL.  ASHIMORI', 'AKC', '', '', 'PCS', '0000-00-00 00:00:00', 'Admin', '0000-00-00 00:00:00', ''),
(280, 'BBG530007 (IVORY)', 'COVER, UPPER CTR (WEBBING STALK) IVORY', 'RAW MATERIAL.  ASHIMORI', 'AKC', '', '', 'PCS', '0000-00-00 00:00:00', 'Admin', '0000-00-00 00:00:00', ''),
(281, 'BAG550007H', 'PROTECTOR (BKL. INSERT)', 'RAW MATERIAL.  ASHIMORI', 'AKC', '', '', 'PCS', '0000-00-00 00:00:00', 'Admin', '0000-00-00 00:00:00', ''),
(282, 'BAG520007H', 'BKL. FRAME (WEBBING)', 'RAW MATERIAL.  ASHIMORI', 'AKC', '', '', 'PCS', '0000-00-00 00:00:00', 'Admin', '0000-00-00 00:00:00', ''),
(283, 'BAG530017 (BEIGE)', 'COVER, LOWER (WEBBING STALK) BEIGE', 'RAW MATERIAL.  ASHIMORI', 'AKC', '', '', 'PCS', '0000-00-00 00:00:00', 'Admin', '0000-00-00 00:00:00', ''),
(284, 'BAG530017 (IVORY)', 'COVER, LOWER (WEBBING STALK) IVORY', 'RAW MATERIAL.  ASHIMORI', 'AKC', '', '', 'PCS', '0000-00-00 00:00:00', 'Admin', '0000-00-00 00:00:00', ''),
(285, 'BCD010007K', 'CONNECT BUCKLE FRAME', 'RAW MATERIAL.  ASHIMORI', 'AKC', '', '', 'PCS', '0000-00-00 00:00:00', 'Admin', '0000-00-00 00:00:00', ''),
(286, 'BCD010017K', 'CONNECT BUCKLE HOOK', 'RAW MATERIAL.  ASHIMORI', 'AKC', '', '', 'PCS', '0000-00-00 00:00:00', 'Admin', '0000-00-00 00:00:00', ''),
(287, 'BCD020007K', 'CONNECT BUCKLE EJECTOR', 'RAW MATERIAL.  ASHIMORI', 'AKC', '', '', 'PCS', '0000-00-00 00:00:00', 'Admin', '0000-00-00 00:00:00', ''),
(288, 'BCD020017K', 'CONNECT BUCKLE PUSH BUTTON', 'RAW MATERIAL.  ASHIMORI', 'AKC', '', '', 'PCS', '0000-00-00 00:00:00', 'Admin', '0000-00-00 00:00:00', ''),
(289, 'BCD050007K', 'CONNECT BUCKLE FLAT SPRING', 'RAW MATERIAL.  ASHIMORI', 'AKC', '', '', 'PCS', '0000-00-00 00:00:00', 'Admin', '0000-00-00 00:00:00', ''),
(290, 'BCD050017K', 'CONNECT BUCKLE COIL SPRING', 'RAW MATERIAL.  ASHIMORI', 'AKC', '', '', 'PCS', '0000-00-00 00:00:00', 'Admin', '0000-00-00 00:00:00', ''),
(291, 'BCD530027K', 'CONNECT BUCKLE LOWER COVER', 'RAW MATERIAL.  ASHIMORI', 'AKC', '', '', 'PCS', '0000-00-00 00:00:00', 'Admin', '0000-00-00 00:00:00', ''),
(292, 'BCD530027K (BK)', 'CONNECT BUCKLE LOWER COVER (202B)', 'RAW MATERIAL.  ASHIMORI', 'AKC', '', '', 'PCS', '0000-00-00 00:00:00', 'Admin', '0000-00-00 00:00:00', ''),
(293, 'BCD530037K', 'CONNECT BUCKLE UPPER COVER', 'RAW MATERIAL.  ASHIMORI', 'AKC', '', '', 'PCS', '0000-00-00 00:00:00', 'Admin', '0000-00-00 00:00:00', ''),
(294, 'BCD530037K (BK)', 'CONNECT BUCKLE UPPER COVER (202B)', 'RAW MATERIAL.  ASHIMORI', 'AKC', '', '', 'PCS', '0000-00-00 00:00:00', 'Admin', '0000-00-00 00:00:00', ''),
(295, 'BDC320001K (202B)', 'CONNECT TONGUE (202B)', 'RAW MATERIAL.  ASHIMORI', 'AKC', '', '', 'PCS', '0000-00-00 00:00:00', 'Admin', '0000-00-00 00:00:00', ''),
(296, 'BDC320001K(BK)', 'CONNECTOR TONGUE (202B)', 'RAW MATERIAL.  ASHIMORI', 'AKC', '', '', 'PCS', '0000-00-00 00:00:00', 'Admin', '0000-00-00 00:00:00', ''),
(297, 'BDF450007H', 'RETAINER', 'RAW MATERIAL.  ASHIMORI', 'AKC', '', '', 'PCS', '0000-00-00 00:00:00', 'Admin', '0000-00-00 00:00:00', ''),
(298, 'BJA980017H', 'ANCHOR PLATE 30° (Dbl)', 'RAW MATERIAL.  ASHIMORI', 'AKC', '', '', 'PCS', '0000-00-00 00:00:00', 'Admin', '0000-00-00 00:00:00', ''),
(299, 'BJA990197H', 'L/A INSERT (AP41)', 'RAW MATERIAL.  ASHIMORI', 'AKC', '', '', 'PCS', '0000-00-00 00:00:00', 'Admin', '0000-00-00 00:00:00', ''),
(300, 'BJA970017H', 'ANCHOR PLATE 90°(Large)', 'RAW MATERIAL.  ASHIMORI', 'AKC', '', '', 'PCS', '0000-00-00 00:00:00', 'Admin', '0000-00-00 00:00:00', ''),
(301, 'BGK150007H', 'PROTECTOR (RTR) - ASHIMORI', 'RAW MATERIAL.  ASHIMORI', 'AKC', '', '', 'PCS', '0000-00-00 00:00:00', 'Admin', '0000-00-00 00:00:00', ''),
(302, 'BJA770017H', 'ANCHOR PLATE 30° (Com) * DBL', 'RAW MATERIAL.  ASHIMORI', 'AKC', '', '', 'PCS', '0000-00-00 00:00:00', 'Admin', '0000-00-00 00:00:00', ''),
(303, 'BGK062001H', 'FLAT SPIRAL SPRING ASS Y', 'RAW MATERIAL.  ASHIMORI', 'AKC', '', '', 'PCS', '0000-00-00 00:00:00', 'Admin', '0000-00-00 00:00:00', ''),
(304, 'BGK062071', 'FLAT SPIRAL SPRING ASSY', 'RAW MATERIAL.  ASHIMORI', 'AKC', '', '', 'PCS', '0000-00-00 00:00:00', 'Admin', '0000-00-00 00:00:00', ''),
(305, 'BGK062071H', 'FLAT SPIRAL SPRING ASSY', 'RAW MATERIAL.  ASHIMORI', 'AKC', '', '', 'PCS', '0000-00-00 00:00:00', 'Admin', '0000-00-00 00:00:00', ''),
(306, 'BGK062ZZ1', 'FLAT SPIRAL SPRING ASSY', 'RAW MATERIAL.  ASHIMORI', 'AKC', '', '', 'PCS', '0000-00-00 00:00:00', 'Admin', '0000-00-00 00:00:00', ''),
(307, 'BGK110002H', 'PAWL ASSY', 'RAW MATERIAL.  ASHIMORI', 'AKC', '', '', 'PCS', '0000-00-00 00:00:00', 'Admin', '0000-00-00 00:00:00', ''),
(308, 'BGK130251K', 'HOUSING ASSY (HORIZONTAL TYPE)', 'RAW MATERIAL.  ASHIMORI', 'AKC', '', '', 'PCS', '0000-00-00 00:00:00', 'Admin', '0000-00-00 00:00:00', ''),
(309, 'BGK040037H', 'SENSOR WEIGHT', 'RAW MATERIAL.  ASHIMORI', 'AKC', '', '', 'PCS', '0000-00-00 00:00:00', 'Admin', '0000-00-00 00:00:00', ''),
(310, 'BGE150017H', 'LOCK PIN', 'RAW MATERIAL.  ASHIMORI', 'AKC', '', '', 'PCS', '0000-00-00 00:00:00', 'Admin', '0000-00-00 00:00:00', ''),
(311, 'BDG32001H', 'D17D TONGUE PLATE ASSY', 'RAW MATERIAL.  ASHIMORI', 'AKC', '', '', 'PCS', '0000-00-00 00:00:00', 'Admin', '0000-00-00 00:00:00', ''),
(312, 'EDW060797XX-110', 'RIVET', 'RAW MATERIAL.  ASHIMORI', 'AKC', '', '', 'PCS', '0000-00-00 00:00:00', 'Admin', '0000-00-00 00:00:00', ''),
(313, 'EDW400797K', 'CONNECT BUCKLE RIVET', 'RAW MATERIAL.  ASHIMORI', 'AKC', '', '', 'PCS', '0000-00-00 00:00:00', 'Admin', '0000-00-00 00:00:00', ''),
(314, 'EEG010037', 'PUSH NUT', 'RAW MATERIAL.  ASHIMORI', 'AKC', '', '', 'PCS', '0000-00-00 00:00:00', 'Admin', '0000-00-00 00:00:00', ''),
(315, 'EEG150037', 'PUSH NUT (Outside diameter 24)', 'RAW MATERIAL.  ASHIMORI', 'AKC', '', '', 'PCS', '0000-00-00 00:00:00', 'Admin', '0000-00-00 00:00:00', ''),
(316, 'BEF460007(BG)', 'CVR CTR FOR ADJ TONGUE (BEIGE)', 'RAW MATERIAL ASHIMORI', 'AKC', '', '', 'PCS', '0000-00-00 00:00:00', 'Admin', '0000-00-00 00:00:00', ''),
(317, 'BDG120001(IV)', 'TONGUE ASSY (IVORY)', 'RAW MATERIAL ASHIMORI', 'AKC', '', '', 'PCS', '0000-00-00 00:00:00', 'Admin', '0000-00-00 00:00:00', ''),
(318, 'BEF460007(AC)', 'CVR CTR FOR ADJ T/G (MD GREY)', 'RAW MATERIAL ASHIMORI', 'AKC', '', '', 'PCS', '0000-00-00 00:00:00', 'Admin', '0000-00-00 00:00:00', ''),
(319, 'BAG130017(AC)', 'COVER, LOWER (FRT) MD GREY', 'RAW MATERIAL ASHIMORI', 'AKC', '', '', 'PCS', '0000-00-00 00:00:00', 'Admin', '0000-00-00 00:00:00', ''),
(320, 'BAG530007(AC)', 'COVER, UPPER (SIDE) GREY', 'RAW MATERIAL ASHIMORI', 'AKC', '', '', 'PCS', '0000-00-00 00:00:00', 'Admin', '0000-00-00 00:00:00', ''),
(321, 'BAG530017(AC)', 'COVER, LOWER (RR) GREY', 'RAW MATERIAL ASHIMORI', 'AKC', '', '', 'PCS', '0000-00-00 00:00:00', 'Admin', '0000-00-00 00:00:00', ''),
(322, 'BDF450017', 'SPRING (RH)', 'RAW MATERIAL. NON ASHIMORI (LO', 'ASI', '', '', 'PCS', '0000-00-00 00:00:00', 'Admin', '0000-00-00 00:00:00', ''),
(323, 'BDF450017D', 'SPRING (RH)', 'RAW MATERIAL. NON ASHIMORI (LO', 'ASI', '', '', 'PCS', '0000-00-00 00:00:00', 'Admin', '0000-00-00 00:00:00', ''),
(324, 'SWP11793-00', 'WASHER PLATE M30x0.8', 'RAW MATERIAL. NON ASHIMORI (LO', 'LKL', '', '', 'PCS', '0000-00-00 00:00:00', 'Admin', '0000-00-00 00:00:00', ''),
(325, 'BDF450027', 'SPRING (LH)', 'RAW MATERIAL. NON ASHIMORI (LO', 'ASI', '', '', 'PCS', '0000-00-00 00:00:00', 'Admin', '0000-00-00 00:00:00', ''),
(326, 'BDF450027D', 'SPRING (LH)', 'RAW MATERIAL. NON ASHIMORI (LO', 'ASI', '', '', 'PCS', '0000-00-00 00:00:00', 'Admin', '0000-00-00 00:00:00', ''),
(327, 'BAG050007-L', 'SPRING (EJECTOR) AL02', 'RAW MATERIAL. NON ASHIMORI (LO', 'ASI', '', '', 'PCS', '0000-00-00 00:00:00', 'Admin', '0000-00-00 00:00:00', ''),
(328, 'BAG050007D', 'SPRING (EJECTOR)', 'RAW MATERIAL. NON ASHIMORI (LO', 'ASI', '', '', 'PCS', '0000-00-00 00:00:00', 'Admin', '0000-00-00 00:00:00', ''),
(329, 'SWP24419-00', 'EJECTOR SPRING (DB2)', 'RAW MATERIAL. NON ASHIMORI (LO', 'ASI', '', '', 'PCS', '0000-00-00 00:00:00', 'Admin', '0000-00-00 00:00:00', ''),
(330, 'SWP24420-00', 'SLIDING BAR SPRING (DB2)', 'RAW MATERIAL. NON ASHIMORI (LO', 'ASI', '', '', 'PCS', '0000-00-00 00:00:00', 'Admin', '0000-00-00 00:00:00', ''),
(331, 'SWP21103-00', 'EJECTOR SPRING', 'RAW MATERIAL. NON ASHIMORI (LO', 'ASI', '', '', 'PCS', '0000-00-00 00:00:00', 'Admin', '0000-00-00 00:00:00', ''),
(332, 'SWP21103A-00', 'EJECTOR SPRING (Cr3+)', 'RAW MATERIAL. NON ASHIMORI (LO', 'ASI', '', '', 'PCS', '0000-00-00 00:00:00', 'Admin', '0000-00-00 00:00:00', ''),
(336, 'PO11432-01', 'TAP SCREW M10 X 5/8\"', 'RAW MATERIAL LOCAL', 'CT', '', '', 'PCS', '0000-00-00 00:00:00', 'Admin', '0000-00-00 00:00:00', ''),
(337, 'SWP21051A-02', 'SPACER 10T (CR 3+)', 'RAW MATERIAL. NON ASHIMORI (LO', 'CNTX', '', '', 'PCS', '0000-00-00 00:00:00', 'Admin', '0000-00-00 00:00:00', ''),
(338, 'SWP22759RT-00', 'CRANK TONGUE (BEIGE)', 'RAW MATERIAL NON ASHIMORI (IMP', 'CSI', '', '', 'PCS', '0000-00-00 00:00:00', 'Admin', '0000-00-00 00:00:00', '');
INSERT INTO `master_barang` (`id`, `partnumber`, `partname`, `kategori`, `supplier`, `jenis`, `ket`, `satuan`, `create_at`, `author`, `edit_at`, `edit_by`) VALUES
(339, 'SWP21250GG-00', 'SLIP GUIDE (GREGE)', 'RAW MATERIAL NON ASHIMORI (IMP', 'CSI', '', '', 'PCS', '0000-00-00 00:00:00', 'Admin', '0000-00-00 00:00:00', ''),
(340, 'SWP21250IV-00', 'SLIP GUIDE (IVORY)', 'RAW MATERIAL NON ASHIMORI (IMP', 'CSI', '', '', 'PCS', '0000-00-00 00:00:00', 'Admin', '0000-00-00 00:00:00', ''),
(341, 'SWP22759AC-00', 'CRANK TONGUE (NEW CANTER)', 'RAW MATERIAL NON ASHIMORI (IMP', 'CSI', '', '', 'PCS', '0000-00-00 00:00:00', 'Admin', '0000-00-00 00:00:00', ''),
(342, 'SWP22759GG-00', 'CRANK TONGUE (GREGE)', 'RAW MATERIAL NON ASHIMORI (IMP', 'CSI', '', '', 'PCS', '0000-00-00 00:00:00', 'Admin', '0000-00-00 00:00:00', ''),
(343, 'SWP22759IV-00', 'CRANK TONGUE (IVORY)', 'RAW MATERIAL NON ASHIMORI (IMP', 'CSI', '', '', 'PCS', '0000-00-00 00:00:00', 'Admin', '0000-00-00 00:00:00', ''),
(344, 'SWP24840-00', 'SPRING SIDE ASSY (DR1)', 'RAW MATERIAL NON ASHIMORI (IMP', 'CSI', '', '', 'PCS', '0000-00-00 00:00:00', 'Admin', '0000-00-00 00:00:00', ''),
(345, 'SWP520021-01', 'TALI STRAPPING', 'PACKING', 'SPH', '', '', 'KG', '0000-00-00 00:00:00', 'Admin', '0000-00-00 00:00:00', ''),
(346, 'SWP50155A-00', 'POCKET KANBAN BELT ASSY RR SEAT', 'PACKING', 'DSI', '', '', 'PCS', '0000-00-00 00:00:00', 'Admin', '0000-00-00 00:00:00', ''),
(347, 'SWP50156A-00', 'POCKET KANBAN BELT ASSY RR SEAT CENTER', 'PACKING', 'DSI', '', '', 'PCS', '0000-00-00 00:00:00', 'Admin', '0000-00-00 00:00:00', ''),
(352, 'SWP50156R-00', 'STAMP POLYBOX D74A', 'PACKING', 'DSI', '', '', 'PCS', '0000-00-00 00:00:00', 'Admin', '0000-00-00 00:00:00', ''),
(354, 'SWA21000-00', 'ANCHOR PLATE 48 ASSY', 'RAW MATERIAL. NON ASHIMORI (LO', 'KFI', '', '', 'PCS', '0000-00-00 00:00:00', 'Admin', '0000-00-00 00:00:00', ''),
(355, 'SWA21001', 'ANCHOR PLATE 49 ASSY', 'RAW MATERIAL. NON ASHIMORI (LO', 'KFI', '', '', 'PCS', '0000-00-00 00:00:00', 'Admin', '0000-00-00 00:00:00', ''),
(356, 'SWA21001-00', 'ANCHOR PLATE 49 ASSY', 'RAW MATERIAL. NON ASHIMORI (LO', 'KFI', '', '', 'PCS', '0000-00-00 00:00:00', 'Admin', '0000-00-00 00:00:00', ''),
(357, 'SWA21006-00', 'HOUSING ASSY (53° TYPE RR CTR)+TIE BAR', 'RAW MATERIAL LOCAL', 'KW', '', '', 'PCS', '0000-00-00 00:00:00', 'Admin', '0000-00-00 00:00:00', ''),
(358, 'SWA21005-00', 'BRACKET HOUSING ROOF ASSY', 'RAW MATERIAL LOCAL', 'KW', '', '', 'PCS', '0000-00-00 00:00:00', 'Admin', '0000-00-00 00:00:00', ''),
(359, 'SWA22001-00', 'GUIDE DRUM ASSY', 'WORK IN PROCESS', 'SBA', '', '', 'PCS', '0000-00-00 00:00:00', 'Admin', '0000-00-00 00:00:00', ''),
(360, 'SWA21007-00', 'MECHANISM SIDE COVER ASSY +14°', 'WORK IN PROCESS', 'SBA', '', '', 'PCS', '0000-00-00 00:00:00', 'Admin', '0000-00-00 00:00:00', ''),
(361, 'SWA21008-00', 'MECHANISM SIDE COVER ASSY -14°', 'WORK IN PROCESS', 'SBA', '', '', 'PCS', '0000-00-00 00:00:00', 'Admin', '0000-00-00 00:00:00', ''),
(362, 'SWA21012-00', 'MECHANISM SIDE COVER ASSY HORIZONTAL', 'WORK IN PROCESS', 'SBA', '', '', 'PCS', '0000-00-00 00:00:00', 'Admin', '0000-00-00 00:00:00', ''),
(363, 'SWA21013-00', 'MECHANISM SIDE COVER ASSY +30°', 'WORK IN PROCESS', 'SBA', '', '', 'PCS', '0000-00-00 00:00:00', 'Admin', '0000-00-00 00:00:00', ''),
(364, 'SWA25003-00', 'HOUSING ASSY + LBSA 7', 'WORK IN PROCESS', 'SBA', '', '', 'PCS', '0000-00-00 00:00:00', 'Admin', '0000-00-00 00:00:00', ''),
(365, 'SWA25004-00', 'HOUSING ASSY + LBSA 8', 'WORK IN PROCESS', 'SBA', '', '', 'PCS', '0000-00-00 00:00:00', 'Admin', '0000-00-00 00:00:00', ''),
(366, 'SWA25005-00', 'HOUSING + BRACKET MFTBC', 'WORK IN PROCESS', 'SBA', '', '', 'PCS', '0000-00-00 00:00:00', 'Admin', '0000-00-00 00:00:00', ''),
(367, 'SWA25006-00', 'HOUSING ASSY + LBSA  11 + UB 59', 'WORK IN PROCESS', 'SBA', '', '', 'PCS', '0000-00-00 00:00:00', 'Admin', '0000-00-00 00:00:00', ''),
(368, 'SWA25007-00', 'HOUSING ASSY + LBSA 5 + UB 46', 'WORK IN PROCESS', 'SBA', '', '', 'PCS', '0000-00-00 00:00:00', 'Admin', '0000-00-00 00:00:00', ''),
(369, 'SWA25008-00', 'HOUSING ASSY + UPPERSTAY D30D-RR1', 'WORK IN PROCESS', 'SBA', '', '', 'PCS', '0000-00-00 00:00:00', 'Admin', '0000-00-00 00:00:00', ''),
(370, 'SWA21014-00', 'MECHANISM SIDE COVER ASSY -30°', 'WORK IN PROCESS', 'SBA', '', '', 'PCS', '0000-00-00 00:00:00', 'Admin', '0000-00-00 00:00:00', ''),
(371, 'SWA23022-00', 'MIDDLE GUIDE ASSY BOLT 02', 'WORK IN PROCESS', 'SBA', '', '', 'PCS', '0000-00-00 00:00:00', 'Admin', '0000-00-00 00:00:00', ''),
(372, 'SWA27001-00', 'COVER RETRACTOR ASSY', 'WORK IN PROCESS', 'SBA', '', '', 'PCS', '0000-00-00 00:00:00', 'Admin', '0000-00-00 00:00:00', ''),
(373, 'SWA25001-00', 'HOUSING ASSY + LBSA 5', 'WORK IN PROCESS', 'SBA', '', '', 'PCS', '0000-00-00 00:00:00', 'Admin', '0000-00-00 00:00:00', ''),
(374, 'SWA25002-00', 'HOUSING ASSY + LBSA 6 ', 'WORK IN PROCESS', 'SBA', '', '', 'PCS', '0000-00-00 00:00:00', 'Admin', '0000-00-00 00:00:00', ''),
(375, 'SWA21002-00', 'MECHANISM SIDE COVER ASSY -22°', 'WORK IN PROCESS', 'SBA', '', '', 'PCS', '0000-00-00 00:00:00', 'Admin', '0000-00-00 00:00:00', ''),
(376, 'SWA21001A-00', 'MECHANISM SIDE COVER ASSY +22°', 'WORK IN PROCESS', 'SBA', '', '', 'PCS', '0000-00-00 00:00:00', 'Admin', '0000-00-00 00:00:00', ''),
(377, 'SWA26001-00', 'LOCKING CLUTCH ASSY', 'WORK IN PROCESS', 'SBA', '', '', 'PCS', '0000-00-00 00:00:00', 'Admin', '0000-00-00 00:00:00', ''),
(378, 'SWA21004A-00', 'MECHANISM SIDE COVER ASSY +6°', 'WORK IN PROCESS', 'SBA', '', '', 'PCS', '0000-00-00 00:00:00', 'Admin', '0000-00-00 00:00:00', ''),
(379, 'SWA21005A-00', 'MECHANISM SIDE COVER ASSY -6°', 'WORK IN PROCESS', 'SBA', '', '', 'PCS', '0000-00-00 00:00:00', 'Admin', '0000-00-00 00:00:00', ''),
(380, 'SWA21006A-00', 'MECHANISM SIDE COVER ASSY 0°', 'WORK IN PROCESS', 'SBA', '', '', 'PCS', '0000-00-00 00:00:00', 'Admin', '0000-00-00 00:00:00', ''),
(381, 'SWA24017-00', 'LOOP SEWING GREY 74 (L=2999)', 'WORK IN PROCESS', 'SBA', '', '', 'PCS', '0000-00-00 00:00:00', 'Admin', '0000-00-00 00:00:00', ''),
(382, 'SWA23023-00', 'SASH GUIDE ASSY 1H UBE BK BOLT 63.9', 'WORK IN PROCESS', 'SBA', '', '', 'PCS', '0000-00-00 00:00:00', 'Admin', '0000-00-00 00:00:00', ''),
(383, 'SWA24016-00', 'LOOP SEWING GREY 74 (L=2949)', 'WORK IN PROCESS', 'SBA', '', '', 'PCS', '0000-00-00 00:00:00', 'Admin', '0000-00-00 00:00:00', ''),
(384, 'SWA24026-00', 'LOOP SEWING GREY 74 (L=3580)', 'WORK IN PROCESS', 'SBA', '', '', 'PCS', '0000-00-00 00:00:00', 'Admin', '0000-00-00 00:00:00', ''),
(385, 'SWA23015-00', 'SASH GUIDE ASSY 2H TYB RS76 BOLT 45', 'WORK IN PROCESS', 'SBA', '', '', 'PCS', '0000-00-00 00:00:00', 'Admin', '0000-00-00 00:00:00', ''),
(386, 'SWA23016-00', 'SASH GUIDE ASSY 1H UBE BK BOLT 45', 'WORK IN PROCESS', 'SBA', '', '', 'PCS', '0000-00-00 00:00:00', 'Admin', '0000-00-00 00:00:00', ''),
(387, 'SWA23017-00', 'SASH GUIDE ASSY 1H UBE BK BOLT 53', 'WORK IN PROCESS', 'SBA', '', '', 'PCS', '0000-00-00 00:00:00', 'Admin', '0000-00-00 00:00:00', ''),
(388, 'SWA24025-00', 'LOOP SEWING BLACK Y2Y9 (L=3395)', 'WORK IN PROCESS', 'SBA', '', '', 'PCS', '0000-00-00 00:00:00', 'Admin', '0000-00-00 00:00:00', ''),
(389, 'SWA24023-00', 'LOOP SEWING F1H4 (L=3499)', 'WORK IN PROCESS', 'SBA', '', '', 'PCS', '0000-00-00 00:00:00', 'Admin', '0000-00-00 00:00:00', ''),
(390, 'SWA23019-00', 'SASH GUIDE ASSY 1H UBE BK BOLT 45', 'WORK IN PROCESS', 'SBA', '', '', 'PCS', '0000-00-00 00:00:00', 'Admin', '0000-00-00 00:00:00', ''),
(391, 'SWA23020-00', 'SASH GUIDE ASSY 3H UBE BK BOLT 01', 'WORK IN PROCESS', 'SBA', '', '', 'PCS', '0000-00-00 00:00:00', 'Admin', '0000-00-00 00:00:00', ''),
(392, 'SWA23021-00', 'SASH GUIDE ASSY 3HTY TYB 202B BOLT 01', 'WORK IN PROCESS', 'SBA', '', '', 'PCS', '0000-00-00 00:00:00', 'Admin', '0000-00-00 00:00:00', ''),
(393, 'SWA23021-01', 'SASH GUIDE ASSY 3HTY TYB 105B BOLT 01', 'WORK IN PROCESS', 'SBA', '', '', 'PCS', '0000-00-00 00:00:00', 'Admin', '0000-00-00 00:00:00', ''),
(394, 'SWA21003-00', 'MECHANISM SIDE COVER ASSY -26°', 'WORK IN PROCESS', 'SBA', '', '', 'PCS', '0000-00-00 00:00:00', 'Admin', '0000-00-00 00:00:00', ''),
(395, 'SWA24014-00', 'LOOP SEWING GREY 74 (L=3457)', 'WORK IN PROCESS', 'SBA', '', '', 'PCS', '0000-00-00 00:00:00', 'Admin', '0000-00-00 00:00:00', ''),
(396, 'SWA23010-00', 'SLIP GUIDE ASSY D38 SC 48.5', 'WORK IN PROCESS', 'SBA', '', '', 'PCS', '0000-00-00 00:00:00', 'Admin', '0000-00-00 00:00:00', ''),
(397, 'SWA23011-00', 'SLIP GUIDE ASSY VT02 SC 35', 'WORK IN PROCESS', 'SBA', '', '', 'PCS', '0000-00-00 00:00:00', 'Admin', '0000-00-00 00:00:00', ''),
(398, 'SWA23012-00', 'SASH GUIDE ASSY 3H BHC', 'WORK IN PROCESS', 'SBA', '', '', 'PCS', '0000-00-00 00:00:00', 'Admin', '0000-00-00 00:00:00', ''),
(399, 'SWA24018-00', 'LOOP SEWING BLACK 63 (L=3280)', 'WORK IN PROCESS', 'SBA', '', '', 'PCS', '0000-00-00 00:00:00', 'Admin', '0000-00-00 00:00:00', ''),
(400, 'SWA24019-00', 'LOOP SEWING Y2Y9 (L=2445)', 'WORK IN PROCESS', 'SBA', '', '', 'PCS', '0000-00-00 00:00:00', 'Admin', '0000-00-00 00:00:00', ''),
(401, 'SWA24020-00', 'LOOP SEWING Y2Y9 (L=3189)', 'WORK IN PROCESS', 'SBA', '', '', 'PCS', '0000-00-00 00:00:00', 'Admin', '0000-00-00 00:00:00', ''),
(402, 'SWA24021-00', 'LOOP SEWING Y2Y9 (L=3149)', 'WORK IN PROCESS', 'SBA', '', '', 'PCS', '0000-00-00 00:00:00', 'Admin', '0000-00-00 00:00:00', ''),
(403, 'SWA24022-00', 'LOOP SEWING F1H4 (L=2545)', 'WORK IN PROCESS', 'SBA', '', '', 'PCS', '0000-00-00 00:00:00', 'Admin', '0000-00-00 00:00:00', ''),
(404, 'SWA23013-00', 'SASH GUIDE ASSY 1H UBE RS76 BOLT 45', 'WORK IN PROCESS', 'SBA', '', '', 'PCS', '0000-00-00 00:00:00', 'Admin', '0000-00-00 00:00:00', ''),
(405, 'SWA23014-00', 'SASH GUIDE ASSY 1H UBE RS76 BOLT 63.9', 'WORK IN PROCESS', 'SBA', '', '', 'PCS', '0000-00-00 00:00:00', 'Admin', '0000-00-00 00:00:00', ''),
(406, 'SWA25025-00', 'HOUSING ASSY + UB55', 'WORK IN PROCESS', 'SBA', '', '', 'PCS', '0000-00-00 00:00:00', 'Admin', '0000-00-00 00:00:00', ''),
(407, 'SWA24028-00', 'LOOP SEWING BLACK 63 (L=3410)', 'WORK IN PROCESS', 'SBA', '', '', 'PCS', '0000-00-00 00:00:00', 'Admin', '0000-00-00 00:00:00', ''),
(408, 'SWA24027-00', 'LOOP SEWING BLACK 63 (L=3075)', 'WORK IN PROCESS', 'SBA', '', '', 'PCS', '0000-00-00 00:00:00', 'Admin', '0000-00-00 00:00:00', ''),
(409, 'SWA23018-00', 'SASH GUIDE ASSY 2H TYB/UBE BK BOLT 45', 'WORK IN PROCESS', 'SBA', '', '', 'PCS', '0000-00-00 00:00:00', 'Admin', '0000-00-00 00:00:00', ''),
(410, 'SWA28004-00', 'HARNESS ASSY 73480-BZ260', 'WORK IN PROCESS', 'SBA', '', '', 'PCS', '0000-00-00 00:00:00', 'Admin', '0000-00-00 00:00:00', ''),
(411, 'SWA28005-00', 'HARNESS ASSY 73470-BZ280', 'WORK IN PROCESS', 'SBA', '', '', 'PCS', '0000-00-00 00:00:00', 'Admin', '0000-00-00 00:00:00', ''),
(412, 'SWA28006-00', 'HARNESS ASSY 73380-BZ300', 'WORK IN PROCESS', 'SBA', '', '', 'PCS', '0000-00-00 00:00:00', 'Admin', '0000-00-00 00:00:00', ''),
(413, 'SWA28007-00', 'HARNESS ASSY 73580-BZ040', 'WORK IN PROCESS', 'SBA', '', '', 'PCS', '0000-00-00 00:00:00', 'Admin', '0000-00-00 00:00:00', ''),
(414, 'SWA28008-00', 'HARNESS ASSY 73390-BZ030', 'WORK IN PROCESS', 'SBA', '', '', 'PCS', '0000-00-00 00:00:00', 'Admin', '0000-00-00 00:00:00', ''),
(415, 'SWA28009-00', 'HARNESS ASSY 73380-BZ240', 'WORK IN PROCESS', 'SBA', '', '', 'PCS', '0000-00-00 00:00:00', 'Admin', '0000-00-00 00:00:00', ''),
(416, 'SWA28010-00', 'HARNESS ASSY 73060-BZ120', 'WORK IN PROCESS', 'SBA', '', '', 'PCS', '0000-00-00 00:00:00', 'Admin', '0000-00-00 00:00:00', ''),
(417, 'SWA28002-00', 'HARNESS ASSY 73470-BZ220', 'WORK IN PROCESS', 'SBA', '', '', 'PCS', '0000-00-00 00:00:00', 'Admin', '0000-00-00 00:00:00', ''),
(418, 'SWA28003-00', 'HARNESS ASSY 73480-BZ260', 'WORK IN PROCESS', 'SBA', '', '', 'PCS', '0000-00-00 00:00:00', 'Admin', '0000-00-00 00:00:00', ''),
(419, 'SWA28001-00', 'HARNESS ASSY 73480-BZ200', 'WORK IN PROCESS', 'SBA', '', '', 'PCS', '0000-00-00 00:00:00', 'Admin', '0000-00-00 00:00:00', ''),
(420, 'SWA23024-00', 'SLIP GUIDE ASSY NEW CANTER STD/WIDE SC 38', 'WORK IN PROCESS', 'SBA', '', '', 'PCS', '0000-00-00 00:00:00', 'Admin', '0000-00-00 00:00:00', ''),
(421, 'SWA24008-00', 'LOOP SEWING GREGE (L=3480)', 'WORK IN PROCESS', 'SBA', '', '', 'PCS', '0000-00-00 00:00:00', 'Admin', '0000-00-00 00:00:00', ''),
(422, 'SWA24009-00', 'LOOP SEWING BLACK 63 (L=3125)', 'WORK IN PROCESS', 'SBA', '', '', 'PCS', '0000-00-00 00:00:00', 'Admin', '0000-00-00 00:00:00', ''),
(423, 'SWA24010-00', 'LOOP SEWING GREY 74 (L=3237)', 'WORK IN PROCESS', 'SBA', '', '', 'PCS', '0000-00-00 00:00:00', 'Admin', '0000-00-00 00:00:00', ''),
(424, 'SWA24011-00', 'LOOP SEWING GREY 74 (L=3149)', 'WORK IN PROCESS', 'SBA', '', '', 'PCS', '0000-00-00 00:00:00', 'Admin', '0000-00-00 00:00:00', ''),
(425, 'SWA23005-00', 'SLIP GUIDE ASSY LT GREY SC 48.5', 'WORK IN PROCESS', 'SBA', '', '', 'PCS', '0000-00-00 00:00:00', 'Admin', '0000-00-00 00:00:00', ''),
(426, 'SWA24012-00', 'LOOP SEWING GREY 74 (L=3299)', 'WORK IN PROCESS', 'SBA', '', '', 'PCS', '0000-00-00 00:00:00', 'Admin', '0000-00-00 00:00:00', ''),
(427, 'SWA24013-00', 'LOOP SEWING GREY 74 (L=3597)', 'WORK IN PROCESS', 'SBA', '', '', 'PCS', '0000-00-00 00:00:00', 'Admin', '0000-00-00 00:00:00', ''),
(428, 'SWA24015-00', 'LOOP SEWING GREY 74 (L=3099)', 'WORK IN PROCESS', 'SBA', '', '', 'PCS', '0000-00-00 00:00:00', 'Admin', '0000-00-00 00:00:00', ''),
(429, 'SWA21009-00', 'MECHANISM SIDE COVER ASSY 0° - 0.7G', 'WORK IN PROCESS', 'SBA', '', '', 'PCS', '0000-00-00 00:00:00', 'Admin', '0000-00-00 00:00:00', ''),
(430, 'SWA21010-00', 'MECHANISM SIDE COVER ASSY +18°', 'WORK IN PROCESS', 'SBA', '', '', 'PCS', '0000-00-00 00:00:00', 'Admin', '0000-00-00 00:00:00', ''),
(431, 'SWA23004-00', 'SLIP GUIDE ASSY LT GREY SC 63,5 LH', 'WORK IN PROCESS', 'SBA', '', '', 'PCS', '0000-00-00 00:00:00', 'Admin', '0000-00-00 00:00:00', ''),
(432, 'SWA23006-00', 'SLIP GUIDE ASSY AQ SC 63.5', 'WORK IN PROCESS', 'SBA', '', '', 'PCS', '0000-00-00 00:00:00', 'Admin', '0000-00-00 00:00:00', ''),
(433, 'SWA23007-00', 'SLIP GUIDE ASSY D38 SC 38', 'WORK IN PROCESS', 'SBA', '', '', 'PCS', '0000-00-00 00:00:00', 'Admin', '0000-00-00 00:00:00', ''),
(434, 'SWA23008-00', 'SLIP GUIDE ASSY D38 SC 48.5', 'WORK IN PROCESS', 'SBA', '', '', 'PCS', '0000-00-00 00:00:00', 'Admin', '0000-00-00 00:00:00', ''),
(435, 'SWA23009-00', 'SLIP GUIDE ASSY NEW CANTER BLACK SC 38', 'WORK IN PROCESS', 'SBA', '', '', 'PCS', '0000-00-00 00:00:00', 'Admin', '0000-00-00 00:00:00', ''),
(436, 'SWA25009-00', 'HOUSING ASSY + UPERSTAY CTR', 'WORK IN PROCESS', 'SBA', '', '', 'PCS', '0000-00-00 00:00:00', 'Admin', '0000-00-00 00:00:00', ''),
(437, 'SWA25010-00', 'HOUSING ASSY + UPPERSTAY RH', 'WORK IN PROCESS', 'SBA', '', '', 'PCS', '0000-00-00 00:00:00', 'Admin', '0000-00-00 00:00:00', ''),
(438, 'SWA25011-00', 'HOUSING ASSY + UPPERSTAY LH', 'WORK IN PROCESS', 'SBA', '', '', 'PCS', '0000-00-00 00:00:00', 'Admin', '0000-00-00 00:00:00', ''),
(439, 'SWA25012-00', 'HOUSING ASSY + UB61A', 'WORK IN PROCESS', 'SBA', '', '', 'PCS', '0000-00-00 00:00:00', 'Admin', '0000-00-00 00:00:00', ''),
(440, 'SWA25013-00', 'HOUSING ASSY + UB 61B', 'WORK IN PROCESS', 'SBA', '', '', 'PCS', '0000-00-00 00:00:00', 'Admin', '0000-00-00 00:00:00', ''),
(441, 'SWA25014-00', 'HOUSING ASSY + UB 62A', 'WORK IN PROCESS', 'SBA', '', '', 'PCS', '0000-00-00 00:00:00', 'Admin', '0000-00-00 00:00:00', ''),
(442, 'SWA25015-00', 'HOUSING ASSY + UB 62B', 'WORK IN PROCESS', 'SBA', '', '', 'PCS', '0000-00-00 00:00:00', 'Admin', '0000-00-00 00:00:00', ''),
(443, 'SWA25016-00', 'HOUSING ASSY + ELR BRACKET', 'WORK IN PROCESS', 'SBA', '', '', 'PCS', '0000-00-00 00:00:00', 'Admin', '0000-00-00 00:00:00', ''),
(444, 'SWA25017-00', 'HOUSING ASSY PROTECTOR (43° LARGE)', 'WORK IN PROCESS', 'SBA', '', '', 'PCS', '0000-00-00 00:00:00', 'Admin', '0000-00-00 00:00:00', ''),
(445, 'SWA25018-00', 'HOUSING ASSY PROTECTOR (43° TYPE)', 'WORK IN PROCESS', 'SBA', '', '', 'PCS', '0000-00-00 00:00:00', 'Admin', '0000-00-00 00:00:00', ''),
(446, 'SWA25019-00', 'HOUSING ASSY PROTECTOR (53° TYPE)', 'WORK IN PROCESS', 'SBA', '', '', 'PCS', '0000-00-00 00:00:00', 'Admin', '0000-00-00 00:00:00', ''),
(447, 'SWA25020-00', 'HOUSING ASSY PROTECTOR (BRACKET TYPE)', 'WORK IN PROCESS', 'SBA', '', '', 'PCS', '0000-00-00 00:00:00', 'Admin', '0000-00-00 00:00:00', ''),
(448, 'SWA25021-00', 'HOUSING ASSY + BRACKET SA 65 + UB 70', 'WORK IN PROCESS', 'SBA', '', '', 'PCS', '0000-00-00 00:00:00', 'Admin', '0000-00-00 00:00:00', ''),
(449, 'SWA25022-00', 'HOUSING ASSY + UB 69A', 'WORK IN PROCESS', 'SBA', '', '', 'PCS', '0000-00-00 00:00:00', 'Admin', '0000-00-00 00:00:00', ''),
(450, 'SWA25023-00', 'HOUSING ASSY + UB 69B', 'WORK IN PROCESS', 'SBA', '', '', 'PCS', '0000-00-00 00:00:00', 'Admin', '0000-00-00 00:00:00', ''),
(451, 'SWA25024-00', 'HOUSING ASSY + UB 69C', 'WORK IN PROCESS', 'SBA', '', '', 'PCS', '0000-00-00 00:00:00', 'Admin', '0000-00-00 00:00:00', ''),
(452, 'SWA24001-00', 'LOOP SEWING GREY 74 (L=2645)', 'WORK IN PROCESS', 'SBA', '', '', 'PCS', '0000-00-00 00:00:00', 'Admin', '0000-00-00 00:00:00', ''),
(453, 'SWA24002-00', 'LOOP SEWING GREY 74 (L=3084)', 'WORK IN PROCESS', 'SBA', '', '', 'PCS', '0000-00-00 00:00:00', 'Admin', '0000-00-00 00:00:00', ''),
(454, 'SWA24003-00', 'LOOP SEWING GREY 74 (L=3134)', 'WORK IN PROCESS', 'SBA', '', '', 'PCS', '0000-00-00 00:00:00', 'Admin', '0000-00-00 00:00:00', ''),
(455, 'SWA23002-00', 'SLIP GUIDE ASSY LT GREY SC 43.5', 'WORK IN PROCESS', 'SBA', '', '', 'PCS', '0000-00-00 00:00:00', 'Admin', '0000-00-00 00:00:00', ''),
(456, 'SWA24004-00', 'LOOP SEWING GREY 74 (L=3180)', 'WORK IN PROCESS', 'SBA', '', '', 'PCS', '0000-00-00 00:00:00', 'Admin', '0000-00-00 00:00:00', ''),
(457, 'SWA24005-00', 'LOOP SEWING GREY 74 (L=3480)', 'WORK IN PROCESS', 'SBA', '', '', 'PCS', '0000-00-00 00:00:00', 'Admin', '0000-00-00 00:00:00', ''),
(458, 'SWA24006-00', 'LOOP SEWING GREY 73 (L=3075)', 'WORK IN PROCESS', 'SBA', '', '', 'PCS', '0000-00-00 00:00:00', 'Admin', '0000-00-00 00:00:00', ''),
(459, 'SWA23003-00', 'SLIP GUIDE ASSY LT GREY SC 63.5 RH', 'WORK IN PROCESS', 'SBA', '', '', 'PCS', '0000-00-00 00:00:00', 'Admin', '0000-00-00 00:00:00', ''),
(460, 'SWA24007-00', 'LOOP SEWING GREGE (L=3180)', 'WORK IN PROCESS', 'SBA', '', '', 'PCS', '0000-00-00 00:00:00', 'Admin', '0000-00-00 00:00:00', ''),
(461, 'SWA23001-00', 'SLIP GUIDE ASSY LT GREY SC 48,5', 'WORK IN PROCESS', 'SBA', '', '', 'PCS', '0000-00-00 00:00:00', 'Admin', '0000-00-00 00:00:00', ''),
(462, 'SWA21011-00', 'MECHANISM SIDE COVER ASSY -18°', 'WORK IN PROCESS', 'SBA', '', '', 'PCS', '0000-00-00 00:00:00', 'Admin', '0000-00-00 00:00:00', ''),
(463, 'SWA21004-00', 'CLOTH ASSY D 14N', 'SUB  MATERIAL', 'LTS', '', '', 'PCS', '0000-00-00 00:00:00', 'Admin', '0000-00-00 00:00:00', ''),
(465, 'SWA21000-00', 'ANCHOR PLATE 48 ASSY', 'RAW MATERIAL. NON ASHIMORI (LO', 'KFI', '', '', 'pcs', '0000-00-00 00:00:00', 'Admin', '0000-00-00 00:00:00', ''),
(466, 'SWA21001', 'ANCHOR PLATE 49 ASSY', 'RAW MATERIAL. NON ASHIMORI (LO', 'KFI', '', '', 'pcs', '0000-00-00 00:00:00', 'Admin', '0000-00-00 00:00:00', ''),
(467, 'SWA21001-00', 'ANCHOR PLATE 49 ASSY', 'RAW MATERIAL. NON ASHIMORI (LO', 'KFI', '', '', 'pcs', '0000-00-00 00:00:00', 'Admin', '0000-00-00 00:00:00', ''),
(468, 'SWA21006-00', 'HOUSING ASSY (53° TYPE RR CTR)+TIE BAR', 'RAW MATERIAL LOCAL', 'KW', '', '', 'pcs', '0000-00-00 00:00:00', 'Admin', '0000-00-00 00:00:00', ''),
(469, 'SWA21005-00', 'BRACKET HOUSING ROOF ASSY', 'RAW MATERIAL LOCAL', 'KW', '', '', 'pcs', '0000-00-00 00:00:00', 'Admin', '0000-00-00 00:00:00', ''),
(470, 'SWA22001-00', 'GUIDE DRUM ASSY', 'WORK IN PROCESS', 'SBA', '', '', 'pcs', '0000-00-00 00:00:00', 'Admin', '0000-00-00 00:00:00', ''),
(471, 'SWA21007-00', 'MECHANISM SIDE COVER ASSY +14°', 'WORK IN PROCESS', 'SBA', '', '', 'pcs', '0000-00-00 00:00:00', 'Admin', '0000-00-00 00:00:00', ''),
(472, 'SWA21008-00', 'MECHANISM SIDE COVER ASSY -14°', 'WORK IN PROCESS', 'SBA', '', '', 'pcs', '0000-00-00 00:00:00', 'Admin', '0000-00-00 00:00:00', ''),
(473, 'SWA21012-00', 'MECHANISM SIDE COVER ASSY HORIZONTAL', 'WORK IN PROCESS', 'SBA', '', '', 'pcs', '0000-00-00 00:00:00', 'Admin', '0000-00-00 00:00:00', ''),
(474, 'SWA21013-00', 'MECHANISM SIDE COVER ASSY +30°', 'WORK IN PROCESS', 'SBA', '', '', 'pcs', '0000-00-00 00:00:00', 'Admin', '0000-00-00 00:00:00', ''),
(475, 'SWA25003-00', 'HOUSING ASSY + LBSA 7', 'WORK IN PROCESS', 'SBA', '', '', 'pcs', '0000-00-00 00:00:00', 'Admin', '0000-00-00 00:00:00', ''),
(476, 'SWA25004-00', 'HOUSING ASSY + LBSA 8', 'WORK IN PROCESS', 'SBA', '', '', 'pcs', '0000-00-00 00:00:00', 'Admin', '0000-00-00 00:00:00', ''),
(477, 'SWA25005-00', 'HOUSING + BRACKET MFTBC', 'WORK IN PROCESS', 'SBA', '', '', 'pcs', '0000-00-00 00:00:00', 'Admin', '0000-00-00 00:00:00', ''),
(478, 'SWA25006-00', 'HOUSING ASSY + LBSA  11 + UB 59', 'WORK IN PROCESS', 'SBA', '', '', 'pcs', '0000-00-00 00:00:00', 'Admin', '0000-00-00 00:00:00', ''),
(479, 'SWA25007-00', 'HOUSING ASSY + LBSA 5 + UB 46', 'WORK IN PROCESS', 'SBA', '', '', 'pcs', '0000-00-00 00:00:00', 'Admin', '0000-00-00 00:00:00', ''),
(480, 'SWA25008-00', 'HOUSING ASSY + UPPERSTAY D30D-RR1', 'WORK IN PROCESS', 'SBA', '', '', 'pcs', '0000-00-00 00:00:00', 'Admin', '0000-00-00 00:00:00', ''),
(481, 'SWA21014-00', 'MECHANISM SIDE COVER ASSY -30°', 'WORK IN PROCESS', 'SBA', '', '', 'pcs', '0000-00-00 00:00:00', 'Admin', '0000-00-00 00:00:00', ''),
(482, 'SWA23022-00', 'MIDDLE GUIDE ASSY BOLT 02', 'WORK IN PROCESS', 'SBA', '', '', 'pcs', '0000-00-00 00:00:00', 'Admin', '0000-00-00 00:00:00', ''),
(483, 'SWA27001-00', 'COVER RETRACTOR ASSY', 'WORK IN PROCESS', 'SBA', '', '', 'pcs', '0000-00-00 00:00:00', 'Admin', '0000-00-00 00:00:00', ''),
(484, 'SWA25001-00', 'HOUSING ASSY + LBSA 5', 'WORK IN PROCESS', 'SBA', '', '', 'pcs', '0000-00-00 00:00:00', 'Admin', '0000-00-00 00:00:00', ''),
(485, 'SWA25002-00', 'HOUSING ASSY + LBSA 6 ', 'WORK IN PROCESS', 'SBA', '', '', 'pcs', '0000-00-00 00:00:00', 'Admin', '0000-00-00 00:00:00', ''),
(486, 'SWA21002-00', 'MECHANISM SIDE COVER ASSY -22°', 'WORK IN PROCESS', 'SBA', '', '', 'pcs', '0000-00-00 00:00:00', 'Admin', '0000-00-00 00:00:00', ''),
(487, 'SWA21001A-00', 'MECHANISM SIDE COVER ASSY +22°', 'WORK IN PROCESS', 'SBA', '', '', 'pcs', '0000-00-00 00:00:00', 'Admin', '0000-00-00 00:00:00', ''),
(488, 'SWA26001-00', 'LOCKING CLUTCH ASSY', 'WORK IN PROCESS', 'SBA', '', '', 'pcs', '0000-00-00 00:00:00', 'Admin', '0000-00-00 00:00:00', ''),
(489, 'SWA21004A-00', 'MECHANISM SIDE COVER ASSY +6°', 'WORK IN PROCESS', 'SBA', '', '', 'pcs', '0000-00-00 00:00:00', 'Admin', '0000-00-00 00:00:00', ''),
(490, 'SWA21005A-00', 'MECHANISM SIDE COVER ASSY -6°', 'WORK IN PROCESS', 'SBA', '', '', 'pcs', '0000-00-00 00:00:00', 'Admin', '0000-00-00 00:00:00', ''),
(491, 'SWA21006A-00', 'MECHANISM SIDE COVER ASSY 0°', 'WORK IN PROCESS', 'SBA', '', '', 'pcs', '0000-00-00 00:00:00', 'Admin', '0000-00-00 00:00:00', ''),
(492, 'SWA24017-00', 'LOOP SEWING GREY 74 (L=2999)', 'WORK IN PROCESS', 'SBA', '', '', 'pcs', '0000-00-00 00:00:00', 'Admin', '0000-00-00 00:00:00', ''),
(493, 'SWA23023-00', 'SASH GUIDE ASSY 1H UBE BK BOLT 63.9', 'WORK IN PROCESS', 'SBA', '', '', 'pcs', '0000-00-00 00:00:00', 'Admin', '0000-00-00 00:00:00', ''),
(494, 'SWA24016-00', 'LOOP SEWING GREY 74 (L=2949)', 'WORK IN PROCESS', 'SBA', '', '', 'pcs', '0000-00-00 00:00:00', 'Admin', '0000-00-00 00:00:00', ''),
(495, 'SWA24026-00', 'LOOP SEWING GREY 74 (L=3580)', 'WORK IN PROCESS', 'SBA', '', '', 'pcs', '0000-00-00 00:00:00', 'Admin', '0000-00-00 00:00:00', ''),
(496, 'SWA23015-00', 'SASH GUIDE ASSY 2H TYB RS76 BOLT 45', 'WORK IN PROCESS', 'SBA', '', '', 'pcs', '0000-00-00 00:00:00', 'Admin', '0000-00-00 00:00:00', ''),
(497, 'SWA23016-00', 'SASH GUIDE ASSY 1H UBE BK BOLT 45', 'WORK IN PROCESS', 'SBA', '', '', 'pcs', '0000-00-00 00:00:00', 'Admin', '0000-00-00 00:00:00', ''),
(498, 'SWA23017-00', 'SASH GUIDE ASSY 1H UBE BK BOLT 53', 'WORK IN PROCESS', 'SBA', '', '', 'pcs', '0000-00-00 00:00:00', 'Admin', '0000-00-00 00:00:00', ''),
(499, 'SWA24025-00', 'LOOP SEWING BLACK Y2Y9 (L=3395)', 'WORK IN PROCESS', 'SBA', '', '', 'pcs', '0000-00-00 00:00:00', 'Admin', '0000-00-00 00:00:00', ''),
(500, 'SWA24023-00', 'LOOP SEWING F1H4 (L=3499)', 'WORK IN PROCESS', 'SBA', '', '', 'pcs', '0000-00-00 00:00:00', 'Admin', '0000-00-00 00:00:00', ''),
(501, 'SWA23019-00', 'SASH GUIDE ASSY 1H UBE BK BOLT 45', 'WORK IN PROCESS', 'SBA', '', '', 'pcs', '0000-00-00 00:00:00', 'Admin', '0000-00-00 00:00:00', ''),
(502, 'SWA23020-00', 'SASH GUIDE ASSY 3H UBE BK BOLT 01', 'WORK IN PROCESS', 'SBA', '', '', 'pcs', '0000-00-00 00:00:00', 'Admin', '0000-00-00 00:00:00', ''),
(503, 'SWA23021-00', 'SASH GUIDE ASSY 3HTY TYB 202B BOLT 01', 'WORK IN PROCESS', 'SBA', '', '', 'pcs', '0000-00-00 00:00:00', 'Admin', '0000-00-00 00:00:00', ''),
(504, 'SWA23021-01', 'SASH GUIDE ASSY 3HTY TYB 105B BOLT 01', 'WORK IN PROCESS', 'SBA', '', '', 'pcs', '0000-00-00 00:00:00', 'Admin', '0000-00-00 00:00:00', ''),
(505, 'SWA21003-00', 'MECHANISM SIDE COVER ASSY -26°', 'WORK IN PROCESS', 'SBA', '', '', 'pcs', '0000-00-00 00:00:00', 'Admin', '0000-00-00 00:00:00', ''),
(506, 'SWA24014-00', 'LOOP SEWING GREY 74 (L=3457)', 'WORK IN PROCESS', 'SBA', '', '', 'pcs', '0000-00-00 00:00:00', 'Admin', '0000-00-00 00:00:00', ''),
(507, 'SWA23010-00', 'SLIP GUIDE ASSY D38 SC 48.5', 'WORK IN PROCESS', 'SBA', '', '', 'pcs', '0000-00-00 00:00:00', 'Admin', '0000-00-00 00:00:00', ''),
(508, 'SWA23011-00', 'SLIP GUIDE ASSY VT02 SC 35', 'WORK IN PROCESS', 'SBA', '', '', 'pcs', '0000-00-00 00:00:00', 'Admin', '0000-00-00 00:00:00', ''),
(509, 'SWA23012-00', 'SASH GUIDE ASSY 3H BHC', 'WORK IN PROCESS', 'SBA', '', '', 'pcs', '0000-00-00 00:00:00', 'Admin', '0000-00-00 00:00:00', ''),
(510, 'SWA24018-00', 'LOOP SEWING BLACK 63 (L=3280)', 'WORK IN PROCESS', 'SBA', '', '', 'pcs', '0000-00-00 00:00:00', 'Admin', '0000-00-00 00:00:00', ''),
(511, 'SWA24019-00', 'LOOP SEWING Y2Y9 (L=2445)', 'WORK IN PROCESS', 'SBA', '', '', 'pcs', '0000-00-00 00:00:00', 'Admin', '0000-00-00 00:00:00', ''),
(512, 'SWA24020-00', 'LOOP SEWING Y2Y9 (L=3189)', 'WORK IN PROCESS', 'SBA', '', '', 'pcs', '0000-00-00 00:00:00', 'Admin', '0000-00-00 00:00:00', ''),
(513, 'SWA24021-00', 'LOOP SEWING Y2Y9 (L=3149)', 'WORK IN PROCESS', 'SBA', '', '', 'pcs', '0000-00-00 00:00:00', 'Admin', '0000-00-00 00:00:00', ''),
(514, 'SWA24022-00', 'LOOP SEWING F1H4 (L=2545)', 'WORK IN PROCESS', 'SBA', '', '', 'pcs', '0000-00-00 00:00:00', 'Admin', '0000-00-00 00:00:00', ''),
(515, 'SWA23013-00', 'SASH GUIDE ASSY 1H UBE RS76 BOLT 45', 'WORK IN PROCESS', 'SBA', '', '', 'pcs', '0000-00-00 00:00:00', 'Admin', '0000-00-00 00:00:00', ''),
(516, 'SWA23014-00', 'SASH GUIDE ASSY 1H UBE RS76 BOLT 63.9', 'WORK IN PROCESS', 'SBA', '', '', 'pcs', '0000-00-00 00:00:00', 'Admin', '0000-00-00 00:00:00', ''),
(517, 'SWA25025-00', 'HOUSING ASSY + UB55', 'WORK IN PROCESS', 'SBA', '', '', 'pcs', '0000-00-00 00:00:00', 'Admin', '0000-00-00 00:00:00', ''),
(518, 'SWA24028-00', 'LOOP SEWING BLACK 63 (L=3410)', 'WORK IN PROCESS', 'SBA', '', '', 'pcs', '0000-00-00 00:00:00', 'Admin', '0000-00-00 00:00:00', ''),
(519, 'SWA24027-00', 'LOOP SEWING BLACK 63 (L=3075)', 'WORK IN PROCESS', 'SBA', '', '', 'pcs', '0000-00-00 00:00:00', 'Admin', '0000-00-00 00:00:00', ''),
(520, 'SWA23018-00', 'SASH GUIDE ASSY 2H TYB/UBE BK BOLT 45', 'WORK IN PROCESS', 'SBA', '', '', 'pcs', '0000-00-00 00:00:00', 'Admin', '0000-00-00 00:00:00', ''),
(521, 'SWA28004-00', 'HARNESS ASSY 73480-BZ260', 'WORK IN PROCESS', 'SBA', '', '', 'pcs', '0000-00-00 00:00:00', 'Admin', '0000-00-00 00:00:00', ''),
(522, 'SWA28005-00', 'HARNESS ASSY 73470-BZ280', 'WORK IN PROCESS', 'SBA', '', '', 'pcs', '0000-00-00 00:00:00', 'Admin', '0000-00-00 00:00:00', ''),
(523, 'SWA28006-00', 'HARNESS ASSY 73380-BZ300', 'WORK IN PROCESS', 'SBA', '', '', 'pcs', '0000-00-00 00:00:00', 'Admin', '0000-00-00 00:00:00', ''),
(524, 'SWA28007-00', 'HARNESS ASSY 73580-BZ040', 'WORK IN PROCESS', 'SBA', '', '', 'pcs', '0000-00-00 00:00:00', 'Admin', '0000-00-00 00:00:00', ''),
(525, 'SWA28008-00', 'HARNESS ASSY 73390-BZ030', 'WORK IN PROCESS', 'SBA', '', '', 'pcs', '0000-00-00 00:00:00', 'Admin', '0000-00-00 00:00:00', ''),
(526, 'SWA28009-00', 'HARNESS ASSY 73380-BZ240', 'WORK IN PROCESS', 'SBA', '', '', 'pcs', '0000-00-00 00:00:00', 'Admin', '0000-00-00 00:00:00', ''),
(527, 'SWA28010-00', 'HARNESS ASSY 73060-BZ120', 'WORK IN PROCESS', 'SBA', '', '', 'pcs', '0000-00-00 00:00:00', 'Admin', '0000-00-00 00:00:00', ''),
(528, 'SWA28002-00', 'HARNESS ASSY 73470-BZ220', 'WORK IN PROCESS', 'SBA', '', '', 'pcs', '0000-00-00 00:00:00', 'Admin', '0000-00-00 00:00:00', ''),
(529, 'SWA28003-00', 'HARNESS ASSY 73480-BZ260', 'WORK IN PROCESS', 'SBA', '', '', 'pcs', '0000-00-00 00:00:00', 'Admin', '0000-00-00 00:00:00', ''),
(530, 'SWA28001-00', 'HARNESS ASSY 73480-BZ200', 'WORK IN PROCESS', 'SBA', '', '', 'pcs', '0000-00-00 00:00:00', 'Admin', '0000-00-00 00:00:00', ''),
(531, 'SWA23024-00', 'SLIP GUIDE ASSY NEW CANTER STD/WIDE SC 38', 'WORK IN PROCESS', 'SBA', '', '', 'pcs', '0000-00-00 00:00:00', 'Admin', '0000-00-00 00:00:00', ''),
(532, 'SWA24008-00', 'LOOP SEWING GREGE (L=3480)', 'WORK IN PROCESS', 'SBA', '', '', 'pcs', '0000-00-00 00:00:00', 'Admin', '0000-00-00 00:00:00', ''),
(533, 'SWA24009-00', 'LOOP SEWING BLACK 63 (L=3125)', 'WORK IN PROCESS', 'SBA', '', '', 'pcs', '0000-00-00 00:00:00', 'Admin', '0000-00-00 00:00:00', ''),
(534, 'SWA24010-00', 'LOOP SEWING GREY 74 (L=3237)', 'WORK IN PROCESS', 'SBA', '', '', 'pcs', '0000-00-00 00:00:00', 'Admin', '0000-00-00 00:00:00', ''),
(535, 'SWA24011-00', 'LOOP SEWING GREY 74 (L=3149)', 'WORK IN PROCESS', 'SBA', '', '', 'pcs', '0000-00-00 00:00:00', 'Admin', '0000-00-00 00:00:00', ''),
(536, 'SWA23005-00', 'SLIP GUIDE ASSY LT GREY SC 48.5', 'WORK IN PROCESS', 'SBA', '', '', 'pcs', '0000-00-00 00:00:00', 'Admin', '0000-00-00 00:00:00', ''),
(537, 'SWA24012-00', 'LOOP SEWING GREY 74 (L=3299)', 'WORK IN PROCESS', 'SBA', '', '', 'pcs', '0000-00-00 00:00:00', 'Admin', '0000-00-00 00:00:00', ''),
(538, 'SWA24013-00', 'LOOP SEWING GREY 74 (L=3597)', 'WORK IN PROCESS', 'SBA', '', '', 'pcs', '0000-00-00 00:00:00', 'Admin', '0000-00-00 00:00:00', ''),
(539, 'SWA24015-00', 'LOOP SEWING GREY 74 (L=3099)', 'WORK IN PROCESS', 'SBA', '', '', 'pcs', '0000-00-00 00:00:00', 'Admin', '0000-00-00 00:00:00', ''),
(540, 'SWA21009-00', 'MECHANISM SIDE COVER ASSY 0° - 0.7G', 'WORK IN PROCESS', 'SBA', '', '', 'pcs', '0000-00-00 00:00:00', 'Admin', '0000-00-00 00:00:00', ''),
(541, 'SWA21010-00', 'MECHANISM SIDE COVER ASSY +18°', 'WORK IN PROCESS', 'SBA', '', '', 'pcs', '0000-00-00 00:00:00', 'Admin', '0000-00-00 00:00:00', ''),
(542, 'SWA23004-00', 'SLIP GUIDE ASSY LT GREY SC 63,5 LH', 'WORK IN PROCESS', 'SBA', '', '', 'pcs', '0000-00-00 00:00:00', 'Admin', '0000-00-00 00:00:00', ''),
(543, 'SWA23006-00', 'SLIP GUIDE ASSY AQ SC 63.5', 'WORK IN PROCESS', 'SBA', '', '', 'pcs', '0000-00-00 00:00:00', 'Admin', '0000-00-00 00:00:00', ''),
(544, 'SWA23007-00', 'SLIP GUIDE ASSY D38 SC 38', 'WORK IN PROCESS', 'SBA', '', '', 'pcs', '0000-00-00 00:00:00', 'Admin', '0000-00-00 00:00:00', ''),
(545, 'SWA23008-00', 'SLIP GUIDE ASSY D38 SC 48.5', 'WORK IN PROCESS', 'SBA', '', '', 'pcs', '0000-00-00 00:00:00', 'Admin', '0000-00-00 00:00:00', ''),
(546, 'SWA23009-00', 'SLIP GUIDE ASSY NEW CANTER BLACK SC 38', 'WORK IN PROCESS', 'SBA', '', '', 'pcs', '0000-00-00 00:00:00', 'Admin', '0000-00-00 00:00:00', ''),
(547, 'SWA25009-00', 'HOUSING ASSY + UPERSTAY CTR', 'WORK IN PROCESS', 'SBA', '', '', 'pcs', '0000-00-00 00:00:00', 'Admin', '0000-00-00 00:00:00', ''),
(548, 'SWA25010-00', 'HOUSING ASSY + UPPERSTAY RH', 'WORK IN PROCESS', 'SBA', '', '', 'pcs', '0000-00-00 00:00:00', 'Admin', '0000-00-00 00:00:00', ''),
(549, 'SWA25011-00', 'HOUSING ASSY + UPPERSTAY LH', 'WORK IN PROCESS', 'SBA', '', '', 'pcs', '0000-00-00 00:00:00', 'Admin', '0000-00-00 00:00:00', ''),
(550, 'SWA25012-00', 'HOUSING ASSY + UB61A', 'WORK IN PROCESS', 'SBA', '', '', 'pcs', '0000-00-00 00:00:00', 'Admin', '0000-00-00 00:00:00', ''),
(551, 'SWA25013-00', 'HOUSING ASSY + UB 61B', 'WORK IN PROCESS', 'SBA', '', '', 'pcs', '0000-00-00 00:00:00', 'Admin', '0000-00-00 00:00:00', ''),
(552, 'SWA25014-00', 'HOUSING ASSY + UB 62A', 'WORK IN PROCESS', 'SBA', '', '', 'pcs', '0000-00-00 00:00:00', 'Admin', '0000-00-00 00:00:00', ''),
(553, 'SWA25015-00', 'HOUSING ASSY + UB 62B', 'WORK IN PROCESS', 'SBA', '', '', 'pcs', '0000-00-00 00:00:00', 'Admin', '0000-00-00 00:00:00', ''),
(554, 'SWA25016-00', 'HOUSING ASSY + ELR BRACKET', 'WORK IN PROCESS', 'SBA', '', '', 'pcs', '0000-00-00 00:00:00', 'Admin', '0000-00-00 00:00:00', ''),
(555, 'SWA25017-00', 'HOUSING ASSY PROTECTOR (43° LARGE)', 'WORK IN PROCESS', 'SBA', '', '', 'pcs', '0000-00-00 00:00:00', 'Admin', '0000-00-00 00:00:00', ''),
(556, 'SWA25018-00', 'HOUSING ASSY PROTECTOR (43° TYPE)', 'WORK IN PROCESS', 'SBA', '', '', 'pcs', '0000-00-00 00:00:00', 'Admin', '0000-00-00 00:00:00', ''),
(557, 'SWA25019-00', 'HOUSING ASSY PROTECTOR (53° TYPE)', 'WORK IN PROCESS', 'SBA', '', '', 'pcs', '0000-00-00 00:00:00', 'Admin', '0000-00-00 00:00:00', ''),
(558, 'SWA25020-00', 'HOUSING ASSY PROTECTOR (BRACKET TYPE)', 'WORK IN PROCESS', 'SBA', '', '', 'pcs', '0000-00-00 00:00:00', 'Admin', '0000-00-00 00:00:00', ''),
(559, 'SWA25021-00', 'HOUSING ASSY + BRACKET SA 65 + UB 70', 'WORK IN PROCESS', 'SBA', '', '', 'pcs', '0000-00-00 00:00:00', 'Admin', '0000-00-00 00:00:00', ''),
(560, 'SWA25022-00', 'HOUSING ASSY + UB 69A', 'WORK IN PROCESS', 'SBA', '', '', 'pcs', '0000-00-00 00:00:00', 'Admin', '0000-00-00 00:00:00', ''),
(561, 'SWA25023-00', 'HOUSING ASSY + UB 69B', 'WORK IN PROCESS', 'SBA', '', '', 'pcs', '0000-00-00 00:00:00', 'Admin', '0000-00-00 00:00:00', ''),
(562, 'SWA25024-00', 'HOUSING ASSY + UB 69C', 'WORK IN PROCESS', 'SBA', '', '', 'pcs', '0000-00-00 00:00:00', 'Admin', '0000-00-00 00:00:00', ''),
(563, 'SWA24001-00', 'LOOP SEWING GREY 74 (L=2645)', 'WORK IN PROCESS', 'SBA', '', '', 'pcs', '0000-00-00 00:00:00', 'Admin', '0000-00-00 00:00:00', ''),
(564, 'SWA24002-00', 'LOOP SEWING GREY 74 (L=3084)', 'WORK IN PROCESS', 'SBA', '', '', 'pcs', '0000-00-00 00:00:00', 'Admin', '0000-00-00 00:00:00', ''),
(565, 'SWA24003-00', 'LOOP SEWING GREY 74 (L=3134)', 'WORK IN PROCESS', 'SBA', '', '', 'pcs', '0000-00-00 00:00:00', 'Admin', '0000-00-00 00:00:00', ''),
(566, 'SWA23002-00', 'SLIP GUIDE ASSY LT GREY SC 43.5', 'WORK IN PROCESS', 'SBA', '', '', 'pcs', '0000-00-00 00:00:00', 'Admin', '0000-00-00 00:00:00', ''),
(567, 'SWA24004-00', 'LOOP SEWING GREY 74 (L=3180)', 'WORK IN PROCESS', 'SBA', '', '', 'pcs', '0000-00-00 00:00:00', 'Admin', '0000-00-00 00:00:00', ''),
(568, 'SWA24005-00', 'LOOP SEWING GREY 74 (L=3480)', 'WORK IN PROCESS', 'SBA', '', '', 'pcs', '0000-00-00 00:00:00', 'Admin', '0000-00-00 00:00:00', ''),
(569, 'SWA24006-00', 'LOOP SEWING GREY 73 (L=3075)', 'WORK IN PROCESS', 'SBA', '', '', 'pcs', '0000-00-00 00:00:00', 'Admin', '0000-00-00 00:00:00', ''),
(570, 'SWA23003-00', 'SLIP GUIDE ASSY LT GREY SC 63.5 RH', 'WORK IN PROCESS', 'SBA', '', '', 'pcs', '0000-00-00 00:00:00', 'Admin', '0000-00-00 00:00:00', ''),
(571, 'SWA24007-00', 'LOOP SEWING GREGE (L=3180)', 'WORK IN PROCESS', 'SBA', '', '', 'pcs', '0000-00-00 00:00:00', 'Admin', '0000-00-00 00:00:00', ''),
(572, 'SWA23001-00', 'SLIP GUIDE ASSY LT GREY SC 48,5', 'WORK IN PROCESS', 'SBA', '', '', 'pcs', '0000-00-00 00:00:00', 'Admin', '0000-00-00 00:00:00', ''),
(573, 'SWA21011-00', 'MECHANISM SIDE COVER ASSY -18°', 'WORK IN PROCESS', 'SBA', '', '', 'pcs', '0000-00-00 00:00:00', 'Admin', '0000-00-00 00:00:00', ''),
(574, 'SWA21004-00', 'CLOTH ASSY D 14N', 'SUB  MATERIAL', 'LTS', '', '', 'pcs', '0000-00-00 00:00:00', 'Admin', '0000-00-00 00:00:00', ''),
(575, 'BGK062071D', 'FLAT SPIRAL SPRING ASSY', 'Bahan Baku', 'IPS', 'Lokal', '', 'pcs', '2023-01-27 14:33:21', 'Admin', '2023-01-27 14:39:23', 'Admin'),
(576, 'SWP12892-01', 'WEB. STOPPER', 'Bahan Baku', 'YK', 'Lokal', '', 'pcs', '2023-01-27 14:34:34', 'Admin', '2023-01-27 14:39:15', 'Admin'),
(577, 'SWP21005-00', 'RUBBER BAND', 'Bahan Baku', 'LKL', 'Lokal', '', 'pcs', '2023-01-27 14:36:54', 'Admin', '2023-01-27 14:39:08', 'Admin');

-- --------------------------------------------------------

--
-- Table structure for table `master_bom`
--

CREATE TABLE `master_bom` (
  `id` int(11) NOT NULL,
  `partcode` varchar(11) NOT NULL,
  `partnumber` varchar(40) NOT NULL,
  `partname` varchar(40) NOT NULL,
  `model` varchar(30) NOT NULL,
  `grupline` varchar(30) NOT NULL,
  `ket` text NOT NULL,
  `unikno` varchar(30) NOT NULL,
  `event` varchar(30) NOT NULL,
  `perjam` int(11) NOT NULL,
  `lotbox` int(11) NOT NULL,
  `customer` varchar(30) NOT NULL,
  `posisi` varchar(30) NOT NULL,
  `create_at` datetime NOT NULL DEFAULT current_timestamp(),
  `author` varchar(100) NOT NULL,
  `edit_at` datetime NOT NULL DEFAULT current_timestamp(),
  `edit_by` varchar(100) NOT NULL
) ENGINE=InnoDB DEFAULT CHARSET=utf8mb4;

--
-- Dumping data for table `master_bom`
--

INSERT INTO `master_bom` (`id`, `partcode`, `partnumber`, `partname`, `model`, `grupline`, `ket`, `unikno`, `event`, `perjam`, `lotbox`, `customer`, `posisi`, `create_at`, `author`, `edit_at`, `edit_by`) VALUES
(7, '213', '73350-BZ160', 'BELT ASSY, RR SEAT, OUTER CTR', 'D14N', 'ELR RC0', '', 'NT-0681', 'MASSPRO', 150, 8, 'ADM', 'R CTR', '2023-01-23 15:11:00', 'Admin', '0000-00-00 00:00:00', '');

-- --------------------------------------------------------

--
-- Table structure for table `master_bom_detail`
--

CREATE TABLE `master_bom_detail` (
  `id` int(11) NOT NULL,
  `idbom` int(11) NOT NULL,
  `partnumber` varchar(40) NOT NULL,
  `partname` varchar(40) NOT NULL,
  `qty` decimal(15,0) NOT NULL,
  `satuan` varchar(30) NOT NULL,
  `author` varchar(30) NOT NULL,
  `create_at` datetime NOT NULL DEFAULT current_timestamp(),
  `edit_by` varchar(30) NOT NULL,
  `edit_at` datetime NOT NULL DEFAULT current_timestamp()
) ENGINE=InnoDB DEFAULT CHARSET=utf8mb4;

--
-- Dumping data for table `master_bom_detail`
--

INSERT INTO `master_bom_detail` (`id`, `idbom`, `partnumber`, `partname`, `qty`, `satuan`, `author`, `create_at`, `edit_by`, `edit_at`) VALUES
(9, 7, 'SWA22001-00', 'GUIDE DRUM ASSY', '1', 'pcs', 'Admin', '2023-01-26 10:00:47', 'Admin', '2023-01-26 10:00:47'),
(11, 7, 'SWA25009-00', 'HOUSING ASSY + UPERSTAY CTR', '1', 'PCS', 'Admin', '2023-01-27 14:25:31', 'Admin', '2023-01-27 14:25:31'),
(12, 7, 'SWA21010-00', 'MECHANISM SIDE COVER ASSY +18°', '1', 'PCS', 'Admin', '2023-01-27 14:25:51', 'Admin', '2023-01-27 14:25:51'),
(13, 7, 'SWA24010-00', 'LOOP SEWING GREY 74 (L=3237)', '1', 'PCS', 'Admin', '2023-01-27 14:26:15', 'Admin', '2023-01-27 14:26:15'),
(14, 7, 'SWA23015-00', 'SASH GUIDE ASSY 2H TYB RS76 BOLT 45', '1', 'PCS', 'Admin', '2023-01-27 14:26:27', 'Admin', '2023-01-27 14:26:27'),
(15, 7, 'BEG120001K0(BK)', 'TONGUE ASSY CENTER', '1', 'PCS', 'Admin', '2023-01-27 14:26:43', 'Admin', '2023-01-27 14:26:43'),
(16, 7, 'BDC320001K(BK)', 'CONNECTOR TONGUE', '1', 'PCS', 'Admin', '2023-01-27 14:26:54', 'Admin', '2023-01-27 14:26:54'),
(17, 7, 'SWP31793-00', 'SAFETY LABEL ELR 3PT RR CTR (4C5)', '1', 'PCS', 'Admin', '2023-01-27 14:27:03', 'Admin', '2023-01-27 14:27:03'),
(18, 7, 'SWP21005-00', 'RUBBER BAND', '4', 'pcs', 'Admin', '2023-01-27 14:37:24', 'Admin', '2023-01-27 14:41:30'),
(19, 7, 'BGK062071D', 'FLAT SPIRAL SPRING ASSY', '1', 'pcs', 'Admin', '2023-01-27 14:37:38', 'Admin', '2023-01-27 14:39:59'),
(20, 7, 'SWP12892-01', 'WEB. STOPPER', '1', 'pcs', 'Admin', '2023-01-27 14:38:31', 'Admin', '2023-01-27 14:49:40');

-- --------------------------------------------------------

--
-- Table structure for table `master_customer`
--

CREATE TABLE `master_customer` (
  `idcust` int(11) NOT NULL,
  `namacust` text NOT NULL,
  `custcode` varchar(30) NOT NULL,
  `alamat` text NOT NULL,
  `create_at` datetime NOT NULL DEFAULT current_timestamp(),
  `author` varchar(30) NOT NULL,
  `edit_at` timestamp NOT NULL DEFAULT current_timestamp(),
  `edit_by` varchar(20) NOT NULL
) ENGINE=InnoDB DEFAULT CHARSET=utf8mb4;

--
-- Dumping data for table `master_customer`
--

INSERT INTO `master_customer` (`idcust`, `namacust`, `custcode`, `alamat`, `create_at`, `author`, `edit_at`, `edit_by`) VALUES
(0, '', '', '', '0000-00-00 00:00:00', '', '0000-00-00 00:00:00', ''),
(1, 'PT. ASTRA DAIHATSU MOTOR', 'ADM', 'Jakarta', '0000-00-00 00:00:00', 'Lailatul', '2023-01-08 05:57:04', ''),
(2, 'PT. ISUZU ASTRA MOTOR INDONESIA', 'IAMI', 'Jakarta', '0000-00-00 00:00:00', 'Lailatul', '2023-01-08 05:57:04', ''),
(3, 'PT. FUJISEAT TBINA', 'FUJISEAT', 'JAKARTA', '0000-00-00 00:00:00', 'Lailatul', '2023-01-08 05:57:04', ''),
(4, 'PT. TOYOTA TSUSHO INDONESIA', 'TTI', 'Jakarta', '0000-00-00 00:00:00', 'Lailatul', '2023-01-08 05:57:04', ''),
(5, 'PT. TOYOTA MOTOR MANUFACTURING INDONESIA', 'TMMIN', 'Jakarta', '0000-00-00 00:00:00', 'Lailatul', '2023-01-08 05:57:04', ''),
(6, 'PT. HINO MOTORS MANUFACTURING INDONESIA', 'HINO', 'Jakarta', '0000-00-00 00:00:00', 'Lailatul', '2023-01-08 05:57:04', ''),
(7, 'PT. DAIMLER CVMI', 'DAIMLER', 'Jakarta', '0000-00-00 00:00:00', 'Lailatul', '2023-01-08 06:03:47', 'Lailatul'),
(8, 'PT. KRAMA YUDHA TIGA BERLIAN MOTORS', 'KTB', 'Jakarta', '0000-00-00 00:00:00', 'Lailatul', '2023-01-08 05:57:04', ''),
(9, 'PT. MITSUBISHI KRAMA YUDHA  SALES INDONESIA', 'MMKI', 'Jakarta', '0000-00-00 00:00:00', 'Lailatul', '2023-01-08 05:57:04', ''),
(14, 'PT. RESTU IBU', 'BUS', 'JAKARTA', '2023-01-08 12:55:07', 'Lailatul', '2023-01-08 07:34:04', 'Lailatul');

-- --------------------------------------------------------

--
-- Table structure for table `master_event`
--

CREATE TABLE `master_event` (
  `idevent` int(11) NOT NULL,
  `namaevent` varchar(40) NOT NULL,
  `eventcode` varchar(30) NOT NULL,
  `customer` varchar(30) NOT NULL,
  `create_at` datetime NOT NULL DEFAULT current_timestamp(),
  `author` varchar(30) NOT NULL,
  `edit_at` datetime NOT NULL DEFAULT current_timestamp(),
  `edit_by` varchar(20) NOT NULL
) ENGINE=InnoDB DEFAULT CHARSET=utf8mb4;

--
-- Dumping data for table `master_event`
--

INSERT INTO `master_event` (`idevent`, `namaevent`, `eventcode`, `customer`, `create_at`, `author`, `edit_at`, `edit_by`) VALUES
(0, '', '', '', '2023-01-17 10:54:50', '', '2023-01-17 10:54:50', ''),
(2, 'HINKAKU', 'HKK', 'ADM', '2023-01-13 10:48:45', 'Admin', '0000-00-00 00:00:00', ''),
(3, 'A-TRY', 'A-TRY', 'ADM', '2023-01-13 11:21:15', 'Admin', '2023-01-13 11:21:36', 'Admin'),
(4, 'MASSPRO', 'MP', 'ADM', '2023-01-13 11:22:12', 'Admin', '0000-00-00 00:00:00', '');

-- --------------------------------------------------------

--
-- Table structure for table `master_grupline`
--

CREATE TABLE `master_grupline` (
  `idgruline` int(11) NOT NULL,
  `nama_gru` varchar(30) NOT NULL,
  `grup_code` varchar(30) NOT NULL,
  `ket` text NOT NULL,
  `create_at` datetime NOT NULL DEFAULT current_timestamp(),
  `author` varchar(20) NOT NULL
) ENGINE=InnoDB DEFAULT CHARSET=utf8mb4;

--
-- Dumping data for table `master_grupline`
--

INSERT INTO `master_grupline` (`idgruline`, `nama_gru`, `grup_code`, `ket`, `create_at`, `author`) VALUES
(0, '', '', '', '2023-01-17 10:59:05', ''),
(1, 'WEB BKL', 'WEB', 'Webbing Buckle', '2023-01-08 15:45:45', 'Lailatul'),
(2, 'ELR RC0', 'RC0', 'ELECTRICAL LINE RETRACTOR', '2023-01-08 15:47:39', 'Lailatul'),
(3, 'PLT BKL', 'PLT', 'Plate Buckle', '2023-01-08 16:06:12', 'Lailatul'),
(4, 'STC 2PT', '2PT', 'Static 2 point', '2023-01-08 16:10:40', 'Lailatul'),
(5, 'STC 3PT', '3PT', 'Static 3 point', '2023-01-08 16:10:53', 'Lailatul'),
(6, 'CBL BKL', 'CBL', 'Cable Buckle', '2023-01-08 16:12:54', 'Lailatul'),
(7, 'CBL SWT', 'SWT', 'Cable Switch', '2023-01-08 16:15:23', 'Lailatul'),
(8, 'HOUSING ASSY', 'HOS', 'Housing Sub Assy', '2023-01-08 17:40:09', 'Lailatul'),
(9, 'SASH GUIDE ASSY', 'SGA', 'Sash/Slip Guide Sub Assy', '2023-01-08 17:41:13', 'Lailatul'),
(10, 'LOOP SEWING', 'LOP', 'Webbing Loop Sewing', '2023-01-08 17:43:34', 'Lailatul'),
(11, 'M/C SENSOR ASSY', 'MCS', 'Mechanism Cover Sensor Assy', '2023-01-08 17:45:20', 'Lailatul'),
(12, 'LOCKING CLUTCH ASSY', 'CLU', 'Locking Clutch Assy', '2023-01-08 17:46:44', 'Lailatul'),
(13, 'GUIDE DRUM ASSY', 'GDA', 'Guide Drum Assy', '2023-01-08 17:47:22', 'Lailatul'),
(15, 'FRAME ASSY', 'FRM', 'Frame Assy', '2023-01-10 10:40:42', 'Lailatul');

-- --------------------------------------------------------

--
-- Table structure for table `master_gudang`
--

CREATE TABLE `master_gudang` (
  `idgud` int(11) NOT NULL,
  `namagud` varchar(30) NOT NULL,
  `codegud` varchar(30) NOT NULL,
  `ket` text NOT NULL,
  `author` varchar(30) NOT NULL,
  `create_at` datetime NOT NULL DEFAULT current_timestamp(),
  `edit_by` varchar(30) NOT NULL DEFAULT current_timestamp(),
  `edit_at` datetime NOT NULL DEFAULT current_timestamp()
) ENGINE=InnoDB DEFAULT CHARSET=utf8mb4;

--
-- Dumping data for table `master_gudang`
--

INSERT INTO `master_gudang` (`idgud`, `namagud`, `codegud`, `ket`, `author`, `create_at`, `edit_by`, `edit_at`) VALUES
(3, 'GUDANG RAW MATRIAL', 'GRM', '', 'Admin', '2023-01-18 10:38:57', '', '0000-00-00 00:00:00'),
(4, 'GUDANG SUB ASSY', 'GSA', '', 'Admin', '2023-01-18 10:39:09', '', '0000-00-00 00:00:00'),
(5, 'GUDANG BARANG JADI', 'GBJ', '', 'Admin', '2023-01-18 10:39:58', '', '0000-00-00 00:00:00'),
(6, 'GUDANG MATRIAL INCOMING', 'GMI', '', 'Admin', '2023-01-18 10:41:59', 'Admin', '2023-01-18 10:42:40'),
(7, 'GUDANG PROSES PRODUKSI', 'GPP', '', 'Admin', '2023-01-18 10:43:09', '', '0000-00-00 00:00:00');

-- --------------------------------------------------------

--
-- Table structure for table `master_line`
--

CREATE TABLE `master_line` (
  `idline` int(11) NOT NULL,
  `namaline` varchar(30) NOT NULL,
  `grupline` varchar(30) NOT NULL,
  `create_at` datetime NOT NULL DEFAULT current_timestamp(),
  `author` varchar(30) NOT NULL
) ENGINE=InnoDB DEFAULT CHARSET=utf8mb4;

--
-- Dumping data for table `master_line`
--

INSERT INTO `master_line` (`idline`, `namaline`, `grupline`, `create_at`, `author`) VALUES
(1, 'RC0 # 2', 'ELR RC0', '2023-01-10 08:08:25', 'Lailatul'),
(3, 'RC0 # 3', 'ELR RC0', '2023-01-10 08:40:46', 'Lailatul'),
(4, 'RC0 # 4', 'ELR RC0', '2023-01-10 08:41:13', 'Lailatul'),
(5, 'RC0 # 1', 'ELR RC0', '2023-01-10 08:41:26', 'Lailatul'),
(6, 'RC0 # 5', 'ELR RC0', '2023-01-10 08:41:34', 'Lailatul'),
(7, 'RC0 # 6', 'ELR RC0', '2023-01-10 08:41:38', 'Lailatul'),
(8, 'RC0 # 7', 'ELR RC0', '2023-01-10 08:41:44', 'Lailatul'),
(9, 'RC0 # 8', 'ELR RC0', '2023-01-10 08:41:52', 'Lailatul'),
(10, 'STC 3PT', 'STC 3PT', '2023-01-10 09:32:42', 'Lailatul'),
(11, 'STC 3PT #1', 'STC 3PT', '2023-01-10 09:32:56', 'Lailatul'),
(12, 'STC 2PT', 'STC 3PT', '2023-01-10 09:33:11', 'Lailatul'),
(13, 'STC 2PT #1', 'STC 3PT', '2023-01-10 09:33:14', 'Lailatul'),
(14, 'STC 2PT #2', 'STC 3PT', '2023-01-10 09:33:18', 'Lailatul'),
(15, 'WEB BKL #1', 'WEB BKL', '2023-01-10 10:42:26', 'Lailatul'),
(16, 'WEB BKL #2', 'WEB BKL', '2023-01-10 10:44:03', 'Lailatul'),
(17, 'WEB BKL #3', 'WEB BKL', '2023-01-10 10:44:06', 'Lailatul'),
(18, 'WEB BKL #4', 'WEB BKL', '2023-01-10 10:44:09', 'Lailatul'),
(19, 'WEB BKL #5', 'WEB BKL', '2023-01-10 10:44:12', 'Lailatul'),
(20, 'WEB BKL #6', 'WEB BKL', '2023-01-10 10:44:15', 'Lailatul'),
(21, 'WEB BKL #7', 'WEB BKL', '2023-01-10 10:44:19', 'Lailatul'),
(22, 'WEB BKL #8', 'WEB BKL', '2023-01-10 10:44:23', 'Lailatul'),
(23, 'WEB BKL #9', 'WEB BKL', '2023-01-10 10:44:26', 'Lailatul'),
(24, 'WEB BKL #10', 'WEB BKL', '2023-01-10 10:44:36', 'Lailatul'),
(25, 'WEB BKL #11', 'WEB BKL', '2023-01-10 10:44:41', 'Lailatul'),
(26, 'WEB BKL #12', 'WEB BKL', '2023-01-10 10:45:06', 'Lailatul'),
(27, 'SGA ASSY #1', 'SASH GUIDE ASSY', '2023-01-10 10:46:02', 'Lailatul'),
(28, 'SGA ASSY #2', 'SASH GUIDE ASSY', '2023-01-10 10:48:20', 'Lailatul'),
(29, 'SGA ASSY #3', 'SASH GUIDE ASSY', '2023-01-10 10:48:49', 'Admin');

-- --------------------------------------------------------

--
-- Table structure for table `master_lineprd`
--

CREATE TABLE `master_lineprd` (
  `idline` int(11) NOT NULL,
  `namaline` varchar(30) NOT NULL,
  `grupline` varchar(20) NOT NULL,
  `ket` text NOT NULL,
  `create_at` timestamp NOT NULL DEFAULT current_timestamp(),
  `authorid` varchar(20) NOT NULL
) ENGINE=InnoDB DEFAULT CHARSET=utf8mb4;

--
-- Dumping data for table `master_lineprd`
--

INSERT INTO `master_lineprd` (`idline`, `namaline`, `grupline`, `ket`, `create_at`, `authorid`) VALUES
(0, 'RC0 # 1', 'ELR RC0', 'ELR RC0#1', '2023-01-09 02:09:25', '0');

-- --------------------------------------------------------

--
-- Table structure for table `master_model`
--

CREATE TABLE `master_model` (
  `idmodel` int(11) NOT NULL,
  `namamodel` varchar(30) NOT NULL,
  `ket` varchar(30) NOT NULL,
  `create_at` datetime NOT NULL DEFAULT current_timestamp(),
  `author` varchar(30) NOT NULL,
  `edit_at` timestamp NOT NULL DEFAULT current_timestamp(),
  `edit_by` varchar(20) NOT NULL
) ENGINE=InnoDB DEFAULT CHARSET=utf8mb4;

--
-- Dumping data for table `master_model`
--

INSERT INTO `master_model` (`idmodel`, `namamodel`, `ket`, `create_at`, `author`, `edit_at`, `edit_by`) VALUES
(0, '', '', '2023-01-17 12:02:03', '', '2023-01-17 05:02:03', ''),
(1, 'D14N', 'D14N ADM', '2023-01-11 12:01:36', 'Admin', '0000-00-00 00:00:00', ''),
(2, 'D30D', 'D30D ADM', '2023-01-11 12:01:48', 'Admin', '2023-01-11 05:02:05', 'Admin');

-- --------------------------------------------------------

--
-- Table structure for table `master_satuan`
--

CREATE TABLE `master_satuan` (
  `idsat` int(11) NOT NULL,
  `namasat` varchar(30) NOT NULL,
  `codesat` varchar(20) NOT NULL,
  `create_at` datetime NOT NULL DEFAULT current_timestamp(),
  `author` varchar(30) NOT NULL,
  `edit_at` timestamp NOT NULL DEFAULT current_timestamp(),
  `edit_by` varchar(20) NOT NULL
) ENGINE=InnoDB DEFAULT CHARSET=utf8mb4;

--
-- Dumping data for table `master_satuan`
--

INSERT INTO `master_satuan` (`idsat`, `namasat`, `codesat`, `create_at`, `author`, `edit_at`, `edit_by`) VALUES
(0, '', '', '2023-01-17 12:02:19', '', '2023-01-17 05:02:19', ''),
(1, 'METER', 'm', '2023-01-13 14:30:45', 'Admin', '0000-00-00 00:00:00', ''),
(2, 'KILOGRAM', 'kg', '2023-01-13 14:31:07', 'Admin', '0000-00-00 00:00:00', ''),
(3, 'PIECES', 'pcs', '2023-01-13 14:31:26', 'Admin', '0000-00-00 00:00:00', ''),
(5, 'UNIT', 'UNIT', '2023-01-27 15:51:39', 'Admin', '0000-00-00 00:00:00', ''),
(6, 'SET', 'SET', '2023-01-27 15:51:47', 'Admin', '0000-00-00 00:00:00', '');

-- --------------------------------------------------------

--
-- Table structure for table `master_supplier`
--

CREATE TABLE `master_supplier` (
  `idsup` int(11) NOT NULL,
  `namasup` text NOT NULL,
  `supcode` varchar(30) NOT NULL,
  `alamat` text NOT NULL,
  `kota` varchar(30) NOT NULL,
  `telp` varchar(30) NOT NULL,
  `create_at` datetime NOT NULL DEFAULT current_timestamp(),
  `author` varchar(30) NOT NULL,
  `edit_at` timestamp NOT NULL DEFAULT current_timestamp(),
  `edit_by` varchar(20) NOT NULL
) ENGINE=InnoDB DEFAULT CHARSET=utf8mb4;

--
-- Dumping data for table `master_supplier`
--

INSERT INTO `master_supplier` (`idsup`, `namasup`, `supcode`, `alamat`, `kota`, `telp`, `create_at`, `author`, `edit_at`, `edit_by`) VALUES
(0, '', '', '', '', '', '2023-01-17 09:15:45', '', '2023-01-17 02:15:45', ''),
(10, 'LOKAL', 'LKL', 'LOKAL', 'LOKAL', '', '2023-01-10 16:33:15', 'Admin', '0000-00-00 00:00:00', ''),
(1002, 'LINE PRODUKSI', 'PRD', 'GRESIK', 'JL. MAYJEN SUNGKONO NO.8, GRES', '', '2023-01-18 14:48:00', 'Admin', '0000-00-00 00:00:00', ''),
(1003, 'LINE SUB ASSY', 'SBA', 'GRESIK', 'JL. MAYJEN SUNGKONO NO.8, GRES', '', '2023-01-18 14:48:23', 'Admin', '0000-00-00 00:00:00', ''),
(1005, 'AIWA', 'AW', 'JL PASAR BESAR WETAN NO 67', 'SURABAYA', '0315341563', '0000-00-00 00:00:00', 'Admin', '0000-00-00 00:00:00', ''),
(1006, 'AKSHA SINERGI SUKSES INDUSTRI', 'ASSI', 'JL RAYA SOLO - SEMARANG KM 34 NO 28,BOYOLALI', 'BOYOLALI', '', '0000-00-00 00:00:00', 'Admin', '0000-00-00 00:00:00', ''),
(1007, 'ALPHA GEMILANG MAKMUR, PT', 'AGM', 'JL. RAYA OTONOM CIKUPA', 'TANGERANG', '0221-5962468', '0000-00-00 00:00:00', 'Admin', '0000-00-00 00:00:00', ''),
(1008, 'ANDIKA JANA BHUMI SEJAHTERA', 'AJBS', 'JL. SEMARANG 116 D-E RT.004 RW 005, SURABAYA', 'SURABAYA', '031-5453560', '0000-00-00 00:00:00', 'Admin', '0000-00-00 00:00:00', ''),
(1009, 'ANEKA DIESEL NUSANTARA', 'ADN', 'JLN GUNUNG ANYAR LOR IIIC - NO 35 SURABAYA', 'SURABAYA', '0318784175', '0000-00-00 00:00:00', 'Admin', '0000-00-00 00:00:00', ''),
(1010, 'ANEKA JASUMA', 'AJ', '', 'SURABAYA', '', '0000-00-00 00:00:00', 'Admin', '0000-00-00 00:00:00', ''),
(1011, 'ANEKA RUPA TERA, PT', 'ART', 'BERBEK INDUSTRI III/1, BERBEK, SIDOARJO', 'SIDOARJO', '031-8436688', '0000-00-00 00:00:00', 'Admin', '0000-00-00 00:00:00', ''),
(1012, 'APOLLO AC', 'AAC', '', '', '', '0000-00-00 00:00:00', 'Admin', '0000-00-00 00:00:00', ''),
(1013, 'ARISTOTELES CHANDRA', 'ARI', '', '', '', '0000-00-00 00:00:00', 'Admin', '0000-00-00 00:00:00', ''),
(1014, 'ASHIMORI INDUSTRY CO., LTD.', 'AK', '3-10-18, KITAHORIE, NISHI-KU OSAKA, 550-0014, JAPAN', '', '', '0000-00-00 00:00:00', 'Admin', '0000-00-00 00:00:00', ''),
(1015, 'ASHIMORI KOREA CO., LTD', 'AKC', '(SINPYEONG-RI) 134, DOWON-RO, JIJEONG-MYEON, WONJU-SI,GANGWON-DO, 26351, KOREA', 'KOREA', '82-33-742-6623', '0000-00-00 00:00:00', 'Admin', '0000-00-00 00:00:00', ''),
(1016, 'ASIANET SPRING INDONESIA, PT', 'ASI', 'JL. INDUSTRI UTAMA I BLOK RR 3 D-E KAW. INDST JBBK-NO CIKARANG, BEKASI', 'BEKASI', '02189833250', '0000-00-00 00:00:00', 'Admin', '0000-00-00 00:00:00', ''),
(1017, 'ASTRA INTERNATIONAL UD TRUCKS, PT', 'AI', 'JL ROMOKALISARI NO 37', 'SURABAYA', '', '0000-00-00 00:00:00', 'Admin', '0000-00-00 00:00:00', ''),
(1018, 'ASURANSI WAHANA TATA', 'ASWATA', 'JL. TUNJUNGAN NO. 43', 'SURABAYA', '031-5320811', '0000-00-00 00:00:00', 'Admin', '0000-00-00 00:00:00', ''),
(1019, 'AUREA JAYA', 'ARJ', 'JL. TAMAN PINANG INDAH BLOK D2 NO 30', 'SIDOARJO', '', '0000-00-00 00:00:00', 'Admin', '0000-00-00 00:00:00', ''),
(1020, 'AUTO SUKSES PERKASA', 'ASP', 'JL. RAYA PRANCIS NO 2 KOMPLEK PERGUDANGAN PANTAI INDAH DADAP BLOK LB NO 8;', 'TANGERANG', '', '0000-00-00 00:00:00', 'Admin', '0000-00-00 00:00:00', ''),
(1021, 'AUTOLIV KOREA WONJU PLANT', 'AKWP', '', 'KOREA', '', '0000-00-00 00:00:00', 'Admin', '0000-00-00 00:00:00', ''),
(1022, 'AUTOLIV KOREA WONJU PLANT', 'AUTOLIV', '5-30,BANGYE-RI,MUNMAK-EUP,WONJU-CITY,KANGWON-DO,220-800,KOREA', '', '82-33-730-2205', '0000-00-00 00:00:00', 'Admin', '0000-00-00 00:00:00', ''),
(1023, 'B&T(ZHANGZHOU) CABLE CO.,LTD', 'BTC', 'ZHANGZHOU, FUJIAN', 'CHINA', '0086-592-2205819', '0000-00-00 00:00:00', 'Admin', '0000-00-00 00:00:00', ''),
(1024, 'BARCODE ONE SOLUTION', 'ITC', 'I-TECH CITY SURABAYA LT 2 NO L3 NO 6', 'SURABAYA', '-', '0000-00-00 00:00:00', 'Admin', '0000-00-00 00:00:00', ''),
(1025, 'BCA FINANCE', 'BCA', '', '', '', '0000-00-00 00:00:00', 'Admin', '0000-00-00 00:00:00', ''),
(1026, 'BEKASI MANTRA INDUSTRIAL ESTATE, PT', 'BMI', 'JL. SUMATERA BLOK C2, GANDASARI - CIKARANG BARAT', 'BEKASI', '021-89801333', '0000-00-00 00:00:00', 'Admin', '0000-00-00 00:00:00', ''),
(1027, 'BENGKEL PUTRA ANDALAN', 'BPA', 'DSN. GLINTUNG RT2 RW4, KEPATIHAN, MENGANTI, GRESIK', 'GRESIK', '', '0000-00-00 00:00:00', 'Admin', '0000-00-00 00:00:00', ''),
(1028, 'BESA SEKAR GUNA', 'BSG', 'JL. DHARMAHUSADA 160 BLOK C & F', 'SURABAYA', '', '0000-00-00 00:00:00', 'Admin', '0000-00-00 00:00:00', ''),
(1029, 'BETARA TIRTA, PT', 'BT', 'PERAK TIMUR NO. 24 RT03/RW05', 'SURABAYA', '031-3530935', '0000-00-00 00:00:00', 'Admin', '0000-00-00 00:00:00', ''),
(1030, 'BROTHERSINDO SAUDARA SEJATI', 'BS', 'JL. MANGGA DUA RAYA BLOK H NO 5B', 'JAKARTA', '0216121715', '0000-00-00 00:00:00', 'Admin', '0000-00-00 00:00:00', ''),
(1031, 'BUANA TECHNIC SENTOSA', 'BTS', 'Jl. Gunung Anyar Jaya I No.A no.24, Gn. Anyar, Kec. Gn. Anyar, Kota SBY, Jawa Timur 60294', 'SURABAYA', '(031) 99920971', '0000-00-00 00:00:00', 'Admin', '0000-00-00 00:00:00', ''),
(1032, 'CAHAYA TERANG', 'CT', 'Alamat: Jl. Raden Saleh No.61B, Bubutan, Kec. Bubutan, Kota SBY, Jawa Timur 60174', 'SURABAYA', '(031) 5473242', '0000-00-00 00:00:00', 'Admin', '0000-00-00 00:00:00', ''),
(1033, 'CALTESYS INDONESIA', 'CI', 'JL RAYA JEMURSARI 103C', 'SURABAYA', '', '0000-00-00 00:00:00', 'Admin', '0000-00-00 00:00:00', ''),
(1034, 'CANATEX INDUSTRIAL CO.LTD', 'CNTX', '', 'TAIWAN', '886-6-2705696', '0000-00-00 00:00:00', 'Admin', '0000-00-00 00:00:00', ''),
(1035, 'CASA TERRA MANDIRI INDONESIA', 'CTM', 'JLN RAYA SUKOMANUNGGAL JAYA 76', 'SURABAYA', '031 99141069/169', '0000-00-00 00:00:00', 'Admin', '0000-00-00 00:00:00', ''),
(1036, 'CASH', 'CASH', '', '', '', '0000-00-00 00:00:00', 'Admin', '0000-00-00 00:00:00', ''),
(1037, 'CENTRAL SEEDS IN KOREA CO.,LTD', 'CSI', 'GOLDEN BILL 924, 724 GOJAN-DONG, DAN WON-GU, ANSAN-SI, KYUNGKI-DO, KOREA', '', '82-31-501-2856', '0000-00-00 00:00:00', 'Admin', '0000-00-00 00:00:00', ''),
(1038, 'CV. TIGA PILAR MAS', 'TPM', 'PASEGAN ASRI G5B NO. 7 SUKODONO-SIDOARJO 61258', 'SIDOARJO', '', '0000-00-00 00:00:00', 'Admin', '0000-00-00 00:00:00', ''),
(1039, 'DAI SABISU INDONESIA', 'DSI', 'JLN RAYA CITARIK KP KOBAK BITUNG DESA SERTA JAYA', '', '', '0000-00-00 00:00:00', 'Admin', '0000-00-00 00:00:00', ''),
(1040, 'DELPHI KOREA CORPORATION', 'DKC', '', '', '', '0000-00-00 00:00:00', 'Admin', '0000-00-00 00:00:00', ''),
(1041, 'DHARMA ELECTRINDO MANUFACTURING', 'DEM', 'JL. JABABEKA XII BLOK W NO 5A,BEKASI', 'BEKASI', '021-89840418', '0000-00-00 00:00:00', 'Admin', '0000-00-00 00:00:00', ''),
(1042, 'DHARMA POLIMETAL', 'DPM', 'JL. ANGSANA RAYA BLOK A9 NO 8 KAWASAN LIPO CIKARANG', 'BEKASI - JAWA BARAT', '0218974559', '0000-00-00 00:00:00', 'Admin', '0000-00-00 00:00:00', ''),
(1043, 'DONGGUAN YIHUI OPTOELECTRONICS TECHNOLOGY', 'DYOT', 'DONGGUAN CITY', 'GUANGDONG', '+8676933360095', '0000-00-00 00:00:00', 'Admin', '0000-00-00 00:00:00', ''),
(1044, 'DUNIA BAN', 'DB', 'JL. KEDUNGSARI 95', 'SURABAYA', '', '0000-00-00 00:00:00', 'Admin', '0000-00-00 00:00:00', ''),
(1045, 'DUTA NOVA INDOPERKASA', 'DNI', 'i gusti ngurah rai a2-2 ruko purimas gunung anyar surabaya', 'SURABAYA', '085288148833', '0000-00-00 00:00:00', 'Admin', '0000-00-00 00:00:00', ''),
(1046, 'ELTRA ABADI', 'EA', '', 'SURABAYA', '', '0000-00-00 00:00:00', 'Admin', '0000-00-00 00:00:00', ''),
(1047, 'ELTRA JAYA', 'EJ', 'PS. GENTENG BARU LT III BLOK X - 1', 'SURABAYA', '', '0000-00-00 00:00:00', 'Admin', '0000-00-00 00:00:00', ''),
(1048, 'ENAM JAYA', 'ENJ', '', 'SURABAYA', '', '0000-00-00 00:00:00', 'Admin', '0000-00-00 00:00:00', ''),
(1049, 'EPWIN PRINTER', 'EP', '', '', '', '0000-00-00 00:00:00', 'Admin', '0000-00-00 00:00:00', ''),
(1050, 'EWINDO', 'EWD', 'JL. CIMUNCANG N0. 68', 'BANDUNG', '(62-22) 7208008', '0000-00-00 00:00:00', 'Admin', '0000-00-00 00:00:00', ''),
(1051, 'FUJI SEAT INDONESIA, PT', 'FS', 'GUDANG SUNTER PODOMORO, JL. AGUNG PERKASA IX BLOK K I NO. 9-15', 'JAKARTA UTARA', '', '0000-00-00 00:00:00', 'Admin', '0000-00-00 00:00:00', ''),
(1052, 'FUJIAN TIANCHENG HOLDINGS KNITWEAR AND HOME', 'I', 'TEXTILES IMP AND EXP CORP.LTD', 'FUZHOU, CHINA', '', '0000-00-00 00:00:00', 'Admin', '0000-00-00 00:00:00', ''),
(1053, 'FURNIWEB-VOA SAFETY WEBBING', 'FUR', 'LOT 1883, JALAN KPB 9,KG. BHARU BALAKONG, 43300 SERI KEMBANGAN , SELANGOR, DARUL EHSAN,MALAYSIA', '', '007-60-3-89612278', '0000-00-00 00:00:00', 'Admin', '0000-00-00 00:00:00', ''),
(1054, 'GARUDA METALINDO, PT', 'GM', 'JL. RAYA KAPUK KAMAL RT. 002.RW.02 KAMAL MUARA PENJARINGAN JAKARTA UTARA DKI JAKARTA 14470', 'JAKARTA', '021-5553963', '0000-00-00 00:00:00', 'Admin', '0000-00-00 00:00:00', ''),
(1055, 'GUNA PARIWARA', 'GPW', 'Alamat: WISMA TROPODO JL. MUSI FU-7, Tropodo Kulon, Tropodo, Kec. Waru, Kabupaten Sidoarjo, Jawa Timur 61256  Hours:   Open · Closes 5PM  Telepon: 0811-344-403', 'SIDOARJO', '0811-344-403', '0000-00-00 00:00:00', 'Admin', '0000-00-00 00:00:00', ''),
(1056, 'HIGHPOINT', 'HP', '', '', '', '0000-00-00 00:00:00', 'Admin', '0000-00-00 00:00:00', ''),
(1057, 'HITACHI', 'HTC', 'JL. ASIA AFRIKA, NO 8, GELORA BUNG KARNO-SENAYAN', 'JAKARTA PUSAT', '6221-29039250', '0000-00-00 00:00:00', 'Admin', '0000-00-00 00:00:00', ''),
(1058, 'ICLOTHES', 'ICL', '-', '-', '-', '0000-00-00 00:00:00', 'Admin', '0000-00-00 00:00:00', ''),
(1059, 'INDO KOMPRESIGMA, PT', 'IKS', 'GEDUNG KAWAN LAMA LT 3  JLN RAYA JUANDA KM 4.5  SIDOARJO 61253 - INDONESIA', 'SIDOARJO', '031.8.666.260', '0000-00-00 00:00:00', 'Admin', '0000-00-00 00:00:00', ''),
(1060, 'INDONESIA POWER SPRING', 'IPS', 'KAWASAN INDUSTRI JABABEKA 6 BLOK D3C JATIREJA', 'CIKARANG TIMUR, BEKASI', '021-29605411', '0000-00-00 00:00:00', 'Admin', '0000-00-00 00:00:00', ''),
(1061, 'INDOSARANA LOKAPRATAMA', 'ISLP', 'JLN INDUSTRI RAYA IV BLOK AG NO 10 BUNDER - CIKUPA TANGERANG 15710 - INDONESIA', 'TANGERANG', '6221-5902129', '0000-00-00 00:00:00', 'Admin', '0000-00-00 00:00:00', ''),
(1062, 'INDRAGRAHA NUSAPLASINDO', 'IG', 'JL. KH. MOHAMMAD MANSYUR NO 24', 'JAKARTA', '', '0000-00-00 00:00:00', 'Admin', '0000-00-00 00:00:00', ''),
(1063, 'INDUSTRIAL MULTI FAN', 'IMF', 'Alamat: Jl. Raden Saleh Surabaya, Bubutan, Kec. Bubutan, Kota SBY, Jawa Timur 60174', 'SURABAYA', '0315483190', '0000-00-00 00:00:00', 'Admin', '0000-00-00 00:00:00', ''),
(1064, 'INTERGLOBAL ELECTRIC PARTS, PT', 'IEP', 'JL. MAYJEN SUNGKONO NO.8, GRESIK', 'GRESIK', '', '0000-00-00 00:00:00', 'Admin', '0000-00-00 00:00:00', ''),
(1065, 'J&K KOREA CO., LTD.', 'J&K', '3203, 54, SURIMRO 85BEON-GIL, GEUMJEONG-GU, BUSAN', 'KOREA', '82-51-514-4082', '0000-00-00 00:00:00', 'Admin', '0000-00-00 00:00:00', ''),
(1066, 'JASAINDO', 'JI', '', '', '', '0000-00-00 00:00:00', 'Admin', '0000-00-00 00:00:00', ''),
(1067, 'JATIM TRONIK', 'JT', 'JL. RAYA MERAK NO. 53 REWWIN WARU', 'SIDOARJO', '031 8553131', '0000-00-00 00:00:00', 'Admin', '0000-00-00 00:00:00', ''),
(1068, 'JAVA FORINDO TEKNIK', 'JFT', 'JL. HAJI SYUKUR VII GANG GARUDA C 10, SEDATI', 'SIDOARJO', '', '0000-00-00 00:00:00', 'Admin', '0000-00-00 00:00:00', ''),
(1069, 'JAYA LABEL', 'JL', '', '', '', '0000-00-00 00:00:00', 'Admin', '0000-00-00 00:00:00', ''),
(1070, 'JIANGSU BOZHIWANG AUTOMATION EQUIPMENT', 'JBAE', 'NO.39. KUNLUN RD.,XINBEI DISTRICT, CHANGZHOU, JIANGSU', 'CHINA', '0086-519-8521', '0000-00-00 00:00:00', 'Admin', '0000-00-00 00:00:00', ''),
(1071, 'JK KOREA CORPORATION', 'JK', '2F,BONGWHA BLDG.,455-5,DANKE-DONG, WONJU-CITY, KANGWON-DO, KOREA', '', '82-33-735-1118', '0000-00-00 00:00:00', 'Admin', '0000-00-00 00:00:00', ''),
(1072, 'JUKI SINGAPORE PTE LTD', 'JUK', '20 BENDEMEER ROAD #04-12 BS BENDEMEER CENTER', 'SINGAPORE', '+6565534388', '0000-00-00 00:00:00', 'Admin', '0000-00-00 00:00:00', ''),
(1073, 'K MAC TRADING INDONESIA', 'SKPP', 'JL. JEND. SUDIRMAN KAV 3', 'JAKARTA', '', '0000-00-00 00:00:00', 'Admin', '0000-00-00 00:00:00', ''),
(1074, 'K MAC TRADING INDONESIA', 'KTI', 'JL. JEND. SUDIRMAN KAV 32', 'JAKARTA PUSAT', '021-57950338', '0000-00-00 00:00:00', 'Admin', '0000-00-00 00:00:00', ''),
(1075, 'KATSUYAMA FINETECH INDONESIA, PT', 'KFI', 'KAW.GIIC BLOK AD NO. 01, KOTA DELTAMAS BEKASI', 'BEKASI', '021-50555688', '0000-00-00 00:00:00', 'Admin', '0000-00-00 00:00:00', ''),
(1076, 'KENCANA MAJU BERSAMA', 'KMB', 'JLN BY PASS MOJOKERTO KM 54 JAMPIROGO  SOOKO MOJOKERTO', 'MOJOKERTO', '0321.321250', '0000-00-00 00:00:00', 'Admin', '0000-00-00 00:00:00', ''),
(1077, 'KERNLIEBERS', 'KERN', '', '', '', '0000-00-00 00:00:00', 'Admin', '0000-00-00 00:00:00', ''),
(1078, 'KIKUCHI NARROW FABRIC CO.LTD,', 'KKC', '60 MOO 9 ROJANA ROAD, THANU, UTHAI, PHRANAKHON SRI AYUTHAYA 13210 THAILAND', '', '66 (0)35-226-263-5', '0000-00-00 00:00:00', 'Admin', '0000-00-00 00:00:00', ''),
(1079, 'KOBELINDO', 'KBL', 'JLN RUNGKUT INDUSTRI II NO 9', 'SURABAYA', '-', '0000-00-00 00:00:00', 'Admin', '0000-00-00 00:00:00', ''),
(1080, 'KOKO METAL INDUSTRIES, PT', 'KMI', 'JL. RAYA SAWOCANGKRING NO.9, SAWOCANGKRING,SIDOARJO', 'SIDOARJO', '031-8830107', '0000-00-00 00:00:00', 'Admin', '0000-00-00 00:00:00', ''),
(1081, 'KOMPINDO WIRATAMA, PT', 'KW', 'JL. MAYJEN SUNGKONO GG XVI/8A GRESIK', 'GRESIK', '3990508-9', '0000-00-00 00:00:00', 'Admin', '0000-00-00 00:00:00', ''),
(1082, 'LANGGENG JAYA MEGABOX', 'LJM', 'Jln Kepatihan Industri Gempol Kurung, Menganti Gresik Jawa Timur.', 'GRESIK', '081.703.775.852', '0000-00-00 00:00:00', 'Admin', '0000-00-00 00:00:00', ''),
(1083, 'LANGGENG MULTI USAHA', 'LMU', 'JL. SUKARJO WIRYOPRANOTO 24', 'JAKARTA PUSAT', '021-8935807', '0000-00-00 00:00:00', 'Admin', '0000-00-00 00:00:00', ''),
(1084, 'LAUTAN KENCANA HIDUP', 'LKH', 'JL. KYAI CARINGIN 22, JAKARTA', 'JAKARTA', '0213452477', '0000-00-00 00:00:00', 'Admin', '0000-00-00 00:00:00', ''),
(1085, 'LOKAL', 'LKL', '', '', '', '0000-00-00 00:00:00', 'Admin', '0000-00-00 00:00:00', ''),
(1086, 'LOTUS', 'LOTUS', 'JL. MANYAR SAMBONGAN 97 SURABAYA', '', '', '0000-00-00 00:00:00', 'Admin', '0000-00-00 00:00:00', ''),
(1087, 'LOTUS', 'LTS', 'JL. MANYAR SAMBONGAN 97 SURABAYA', 'SURABAYA', '', '0000-00-00 00:00:00', 'Admin', '0000-00-00 00:00:00', ''),
(1088, 'MANDIRI LABEL', 'ML', 'JL. NANGKA II NO 95, SIDOARJO', 'SIDOARJO', '', '0000-00-00 00:00:00', 'Admin', '0000-00-00 00:00:00', ''),
(1089, 'MANDIRI TRANSFORMA GLOBAL', 'MTG', 'JL TIRTA RAYA I NO 16 WARU', 'SIDOARJO', '0318556020', '0000-00-00 00:00:00', 'Admin', '0000-00-00 00:00:00', ''),
(1090, 'MARSUFEB GODONG JATI', 'MGJ', 'JL. CIMANDIRI 2D NO 11 CIKARANG TIMUR', 'BEKASI', '', '0000-00-00 00:00:00', 'Admin', '0000-00-00 00:00:00', ''),
(1091, 'MEDIAFORMINDO PRATAMA', 'MFP', 'JL PRAPEN RAYA NO 12, JAKARTA', 'JAKARTA', '', '0000-00-00 00:00:00', 'Admin', '0000-00-00 00:00:00', ''),
(1092, 'MEGA CAHAYA ELEKTRINDO', 'MCE', 'JALAN MANYAR TIRTOMOYO 3/19.', 'SURABAYA', '', '0000-00-00 00:00:00', 'Admin', '0000-00-00 00:00:00', ''),
(1093, 'MEGAH NUSANTARA PERKASA, PT', 'MNP', 'JL. BINTANG MAS NO. 8 RT 004 RW 003, BOGOR', 'BOGOR', '021-8754815', '0000-00-00 00:00:00', 'Admin', '0000-00-00 00:00:00', ''),
(1094, 'MEGAH PERTAMA INDAH', 'MPI', '', '', '', '0000-00-00 00:00:00', 'Admin', '0000-00-00 00:00:00', ''),
(1095, 'MEKARSARI', 'MS', 'DS CERME', 'GRESIK', '0317990339', '0000-00-00 00:00:00', 'Admin', '0000-00-00 00:00:00', ''),
(1096, 'METRO STAR COMPUTER', 'MSC', 'MANYAR JAYA XIII/166-A, MENUR PUMPUNGAN, SURABAYA', 'SURABAYA', '', '0000-00-00 00:00:00', 'Admin', '0000-00-00 00:00:00', ''),
(1097, 'MITRA SARUTA', 'MTS', '', 'SURABAYA', '', '0000-00-00 00:00:00', 'Admin', '0000-00-00 00:00:00', ''),
(1098, 'MULTIGUNA USAHA BERSAMA', 'MUB', 'JL KEAHLIAN RT 005/RW 005 NO 1 RUKO PERKANTORAN KEL. JATICEMPAKA KEC. PONDOK GEDE', 'BEKASI', '021-84983814', '0000-00-00 00:00:00', 'Admin', '0000-00-00 00:00:00', ''),
(1099, 'NACHINDO TAPE INDUSTRY', 'NCH', 'DESA BETRO', 'SIDOARJO', '', '0000-00-00 00:00:00', 'Admin', '0000-00-00 00:00:00', ''),
(1100, 'NAGA PACIFIC, PT', 'NP', 'JL. KH. ZAINUL ARIFIN NO 1D JAKARTA', 'JAKARTA', '', '0000-00-00 00:00:00', 'Admin', '0000-00-00 00:00:00', ''),
(1101, 'NEWGEN', 'NG', '', 'SURABAYA', '', '0000-00-00 00:00:00', 'Admin', '0000-00-00 00:00:00', ''),
(1102, 'NIAGARA GARMENT', 'NGR', 'JLN KAPASAN NO 154', 'SURABAYA', '-', '0000-00-00 00:00:00', 'Admin', '0000-00-00 00:00:00', ''),
(1103, 'OTHERS', 'OTH', '', '', '', '0000-00-00 00:00:00', 'Admin', '0000-00-00 00:00:00', ''),
(1104, 'PERDAMAIAN', 'PD', '', 'SURABAYA', '', '0000-00-00 00:00:00', 'Admin', '0000-00-00 00:00:00', ''),
(1105, 'PERFORMA OPTIMA KOMPUTINDO', 'POK', 'GRAHA SMART CITY JLN SIDOSERMO AIRDAS A9 SURABAYA', 'SURABAYA', '031-333-333-55', '0000-00-00 00:00:00', 'Admin', '0000-00-00 00:00:00', ''),
(1106, 'PREMIER', 'PR', 'JL. KENJERAN NO 469', 'SURABAYA', '0313814969', '0000-00-00 00:00:00', 'Admin', '0000-00-00 00:00:00', ''),
(1107, 'PRIME FORKLIFT SERVICES', 'PFS', 'RUKO PLAZA KOZAMBI NO 18F', 'KARAWANG', '', '0000-00-00 00:00:00', 'Admin', '0000-00-00 00:00:00', ''),
(1108, 'PT. CELLCIUS INDOPERKASA', 'CIP', 'RUKO RUNGKUT MEGAH RAYA M 37-39; JL. RAYA KALIRUNGKUT 1 - 3 SURABAYA', 'SURABAYA', '0318710829', '0000-00-00 00:00:00', 'Admin', '0000-00-00 00:00:00', ''),
(1109, 'PT. KAWAN LAMA SEJAHTERA', 'UM', 'JL. PURI KENCANA NO. 1, KEMBANGAN SELATAN, JAKARTA BARAT', 'JAKARTA', '', '0000-00-00 00:00:00', 'Admin', '0000-00-00 00:00:00', ''),
(1110, 'PT. MAHA JAYA PLASTINDO INDONESIA', 'MP', 'KOMP SALEMBARAN I NO.38 RT 004 RW 003, SALEMBARAN JATI, KAB.TANGGERANG', 'TANGERANG', '', '0000-00-00 00:00:00', 'Admin', '0000-00-00 00:00:00', ''),
(1111, 'PT. SURABAYA PLASTIK SEJAHTERA', 'SPH', 'Jl. Raya Bambe No.18, Sarirejo, Bambe, Kec. Driyorejo, Kabupaten Gresik, Jawa Timur 61177', 'GRESIK', '62-031-7508561', '0000-00-00 00:00:00', 'Admin', '0000-00-00 00:00:00', ''),
(1112, 'PUTRA MAKMUR ABADI', 'PMA', 'JL JABABEKA XVII B, BLOK U7B CIKARANG', 'BEKASI', '', '0000-00-00 00:00:00', 'Admin', '0000-00-00 00:00:00', ''),
(1113, 'PUTRI JAYA', 'PJ', '', '', '', '0000-00-00 00:00:00', 'Admin', '0000-00-00 00:00:00', ''),
(1114, 'QINGDAO HUITONG LABEL TAG CO.,LTD', 'QHLT', 'NO. 51 HENGSHAN ROAD, JIMO, QINGDAO CITY, SHANDONG PROVINCE', 'CHINA', '', '0000-00-00 00:00:00', 'Admin', '0000-00-00 00:00:00', ''),
(1115, 'RAFA PRIMAJAYA, PT', 'RPJ', 'JL. SAUNG RANGGON RT002/001 DS.CIKEDOKAN CIKARANG BARAT', 'BEKASI', '', '0000-00-00 00:00:00', 'Admin', '0000-00-00 00:00:00', ''),
(1116, 'SARANA MENTARI CEMERLANG', 'SMC', 'JL. RADEN SALEH 41', 'SURABAYA', '', '0000-00-00 00:00:00', 'Admin', '0000-00-00 00:00:00', ''),
(1117, 'SATO LABEL SOLUTIONS', 'SL', 'PERGUDANGAN TANRISE TRITAN POINT BLOK B - 37 GEDANGAN', 'SIDOARJO', '', '0000-00-00 00:00:00', 'Admin', '0000-00-00 00:00:00', ''),
(1118, 'SATRIA GRAHA SEMPURNA, PT', 'SGS', 'DESA KEBOHARAN KM.27, KEBOHARAN, SIDOARJO', 'SIDOARJO', '031-8971975', '0000-00-00 00:00:00', 'Admin', '0000-00-00 00:00:00', ''),
(1119, 'SATRIA PIRANTI PERKASA', 'SPP', 'Kawasan Industri MM2100, Jl. Selayar No.1, Mekarwangi, Kec. Cikarang Bar., Bekasi, Jawa Barat 17530', 'BEKASI', '(021) 50116028', '0000-00-00 00:00:00', 'Admin', '0000-00-00 00:00:00', ''),
(1120, 'SENTRA BAHANA EKATAMA', 'SBE', 'JL RAYA MANUKAN KV 10N N0 96 - 98', 'SURABAYA', '', '0000-00-00 00:00:00', 'Admin', '0000-00-00 00:00:00', ''),
(1121, 'SETIA MAKMUR', 'SM', '', 'SURABAYA', '', '0000-00-00 00:00:00', 'Admin', '0000-00-00 00:00:00', ''),
(1122, 'SINAN BENANG JAHIT, PT', 'SB', 'NGORO INDUSTRI PERSADA BLOK J-15, NGORO, KAB. MOJOKERTO', 'MOJOKERTO', '', '0000-00-00 00:00:00', 'Admin', '0000-00-00 00:00:00', ''),
(1123, 'SINAR GUNUNG MAS', 'SGM', 'DESA SIDOKEPUNG, JL INDUSTRI NO.110, BUDURAN, SIDOARJO', 'SIDOARJO', '031-8950902', '0000-00-00 00:00:00', 'Admin', '0000-00-00 00:00:00', ''),
(1124, 'SINAR SUMINOE INDONESIA', 'SWP31814-00', 'JL. INDUSTRI II NO. 20 CIMAHI', 'JAWA BARAT', '+62-6034518', '0000-00-00 00:00:00', 'Admin', '0000-00-00 00:00:00', ''),
(1125, 'SINAR SUMINOE INDONESIA', 'SSI', 'JL. INDUSTRI II NO 20 CIMAHI', 'JAWA BARAT', '+62-6034518', '0000-00-00 00:00:00', 'Admin', '0000-00-00 00:00:00', ''),
(1126, 'SPARK WORLD INDUSTRIAL CO.,LT.', 'SW', '7F, NO.92, SEC.5, HSIN-HAI ROAD, TAIPEI TAIWAN R.O.C.', '', '0286638689', '0000-00-00 00:00:00', 'Admin', '0000-00-00 00:00:00', ''),
(1127, 'SUARA MAS', 'SRM', 'JL. GENTENG BESAR NO 51', 'SURABAYA', '', '0000-00-00 00:00:00', 'Admin', '0000-00-00 00:00:00', ''),
(1128, 'SUMBER REJEKI WONODADI', 'SRW', 'JL. TARUNA WAGE, SRITANJUNG, TAMAN', 'SIDOARJO', '', '0000-00-00 00:00:00', 'Admin', '0000-00-00 00:00:00', ''),
(1129, 'SUPLLIER', 'S01', '', '', '', '0000-00-00 00:00:00', 'Admin', '0000-00-00 00:00:00', ''),
(1130, 'SUPRACOR SEJAHTERA, PT', 'SPS', 'JL. RAYA PUNGGING , DS. SUNGGING, KEC. PUNGGING, KAB. MOJOKERTO 61384', 'MOJOKERTO', '0321-6817377', '0000-00-00 00:00:00', 'Admin', '0000-00-00 00:00:00', ''),
(1131, 'SURYA MAS', 'SMAS', 'LEBAK INDAH NO. 43', 'SURABAYA', '', '0000-00-00 00:00:00', 'Admin', '0000-00-00 00:00:00', ''),
(1132, 'SURYA SATWIKA', 'SS', 'JLN EMBONG MALANG 71G', 'SURABAYA', '(031)5342172 / 5313939', '0000-00-00 00:00:00', 'Admin', '0000-00-00 00:00:00', ''),
(1133, 'TAHU TECH', 'TT', '', 'SIDOARJO', '', '0000-00-00 00:00:00', 'Admin', '0000-00-00 00:00:00', ''),
(1134, 'TANGGA MAS JAYA MAKMUR', 'TMM', 'DESA GADUNG RT 01 RW 01  DRIYOREJO GRESIK  JAWA TIMUR', 'GRESIK', '031-7532760', '0000-00-00 00:00:00', 'Admin', '0000-00-00 00:00:00', ''),
(1135, 'TEGUH BATERAI ENERGI', 'TB', 'Address : Jl. Kedung Doro No.18, Sawahan, Kec. Sawahan, Kota SBY, Jawa Timur 60251, Indonesia  Coordinate : -7.259406, 112.732342', 'SBY', 'Telp. : 031-5313901, 5323518,', '0000-00-00 00:00:00', 'Admin', '0000-00-00 00:00:00', ''),
(1136, 'TIANJIN GOLDEN MAPLE DEVELOPMENT CO..,LTD.', 'TGMD', '', '', '', '0000-00-00 00:00:00', 'Admin', '0000-00-00 00:00:00', ''),
(1137, 'TOKO BENANG GEMBLONGAN', 'TBG', 'JL. GEMBLONGAN', 'SURABAYA', '', '0000-00-00 00:00:00', 'Admin', '0000-00-00 00:00:00', ''),
(1138, 'TOKO SAHABAT ELECTRIC', 'TSE', 'JLN RAYA DUKUH KUPANG KAV 800 SURABAYA', 'SURABAYA', '03415670396', '0000-00-00 00:00:00', 'Admin', '0000-00-00 00:00:00', ''),
(1139, 'TONDIRAYA', 'TR', '', 'SURABAYA', '', '0000-00-00 00:00:00', 'Admin', '0000-00-00 00:00:00', ''),
(1140, 'TOYOTA BUSHOKU INDONESIA', 'TBI', '', 'BEKASI', '', '0000-00-00 00:00:00', 'Admin', '0000-00-00 00:00:00', ''),
(1141, 'TOYOTA TSUSHO INDONESIA', 'TTI', 'Cibitung Branch  Gedung Toyota Tsusho Logistic Center Kawasan Industri MM 2100 JL. Irian Block KK-8 Cikarang Barat-Cibitung 17520 Bekasi', '', '(021) 8998 2801 [Phone]', '0000-00-00 00:00:00', 'Admin', '0000-00-00 00:00:00', ''),
(1142, 'TRI PUTRA KARMITA,PT', 'TPK', 'DSN TENGAH RT004 RW 002, SUMBERREJO', 'TUBAN', '', '0000-00-00 00:00:00', 'Admin', '0000-00-00 00:00:00', ''),
(1143, 'TRIDAYA MAJU BERSAMA', 'TMB', 'PERUM ROYAL ORCHID BLOK C-01 DS.URANGAGUNG KEC. SIDOARJO KAB. SIDOARJO.', 'SIDOARJO', '', '0000-00-00 00:00:00', 'Admin', '0000-00-00 00:00:00', ''),
(1144, 'TRIJAYA SUKSES SEJAHTERA', 'TSS', 'JL. KAYU MANIS II BLOK F 10 NO 15C CIKARANG', 'BEKASI', '', '0000-00-00 00:00:00', 'Admin', '0000-00-00 00:00:00', ''),
(1145, 'TRIYUDHA PERKASA, PT', 'TP', 'DESA BRINGINBENDO KM.19, BRINGINBENDO, SIDOARJO', 'SIDOARJO', '031-7874933', '0000-00-00 00:00:00', 'Admin', '0000-00-00 00:00:00', ''),
(1146, 'UNIKARGO INDOTAMA TIMUR', 'UIT', 'SEMUT SQUARE, SEMUT BARU BLOK B-10 NO 65 RT 012 RW 010', 'SURABAYA', '031-99093788', '0000-00-00 00:00:00', 'Admin', '0000-00-00 00:00:00', ''),
(1147, 'WANG XIAO QIONG', 'WXQ', '2605 ROOM 12# BUILDING HUALIAN ROAD PINGDONG CHENG, GULOU DISTRICT', 'FUZHOU, CHINA', '13067371929', '0000-00-00 00:00:00', 'Admin', '0000-00-00 00:00:00', ''),
(1148, 'YUANSA ABADI LESTARI', 'YAL', 'JLN CIHERANG SAWAH NO 79 RT3 RW9.   CIHERANG DRAMAGA, BOGOR 16680 - JAWA BARAT  0251-8624258, 8622789 FAX 0251-8622789', 'BOGOR', '0251-8624258', '0000-00-00 00:00:00', 'Admin', '0000-00-00 00:00:00', ''),
(1149, 'YUNIKA', 'YNKA', 'KEDUNGDORO 66 F', 'SURABAYA', '', '0000-00-00 00:00:00', 'Admin', '0000-00-00 00:00:00', ''),
(1150, 'YUNIKO PLASTIC INDONESIA, PT', 'YK', 'JL. TROPODO I/125, SIDOARJO', 'SIDOARJO', '031-8689442-3', '0000-00-00 00:00:00', 'Admin', '0000-00-00 00:00:00', ''),
(1151, 'YUNINDO PLASTIC ENGINEERING, PT', 'YUN', 'JL. TROPODO II NO. 90  TROPODO, SIDOARJO', 'SIDOARJO', '031-8671633', '0000-00-00 00:00:00', 'Admin', '0000-00-00 00:00:00', ''),
(1152, 'YUTAKA TRANS FABIO', 'YTF', 'DR CIPTO MANGUNKUSUMO RUKO CORTES B023 NO. 002, JABABEKA', 'CIKARANG UTARA-BEKASI', '021-89326712', '0000-00-00 00:00:00', 'Admin', '0000-00-00 00:00:00', '');

-- --------------------------------------------------------

--
-- Table structure for table `raw_data_reject`
--

CREATE TABLE `raw_data_reject` (
  `id` int(155) NOT NULL,
  `date` date NOT NULL,
  `no_lpb` varchar(100) NOT NULL,
  `part_number` varchar(100) NOT NULL,
  `part_name` varchar(100) NOT NULL,
  `supplier` varchar(100) NOT NULL,
  `category` varchar(100) NOT NULL,
  `problem` varchar(100) NOT NULL,
  `note` varchar(100) NOT NULL,
  `location` varchar(100) NOT NULL,
  `qty` int(100) NOT NULL,
  `date_to_whs` date NOT NULL
) ENGINE=InnoDB DEFAULT CHARSET=utf8mb4;

--
-- Dumping data for table `raw_data_reject`
--

INSERT INTO `raw_data_reject` (`id`, `date`, `no_lpb`, `part_number`, `part_name`, `supplier`, `category`, `problem`, `note`, `location`, `qty`, `date_to_whs`) VALUES
(1, '0000-00-00', '', '', 'sdasad', '', '', 'sadsa', 'sd', 'ad', 0, '0000-00-00'),
(2, '0000-00-00', '', '', 'sdasad', '', '', 'sadsa', 'sd', 'ad', 0, '0000-00-00'),
(3, '0000-00-00', '', '', 'sd', '', '', 'asd', 'asd', 'sda', 0, '0000-00-00'),
(4, '0000-00-00', '', '', 'sd', '', '', 'asd', 'asd', 'sda', 0, '0000-00-00'),
(5, '0000-00-00', '', '', 'sd', '', '', 'asd', 'asd', 'sda', 0, '0000-00-00'),
(6, '0000-00-00', '', '', 'asdasd', '', '', 'asd', 'asd', 'asd', 0, '0000-00-00'),
(7, '0000-00-00', '', '', 'asdasd', '', '', 'asd', 'asd', 'asd', 0, '0000-00-00'),
(8, '2012-02-22', '', '', '1', '', '', '23', '12', '122', 21, '0000-00-00'),
(9, '0000-00-00', '', '', 'sdsd', '', '', 'sd', 'asd', 'sad', 0, '0000-00-00'),
(10, '0000-00-00', '', '', 'asd', '', '', 'sd', 'sad', 's', 0, '0000-00-00'),
(13, '2023-01-02', '', '', 'sda', '', '', 'sd', 'sa', '1212', 2, '0000-00-00'),
(14, '0000-00-00', '', '', 'sad', '', '', 'sd', '', 'ads', 0, '2023-01-02'),
(16, '2023-01-12', '', '', 'gy', '', '', 'asdasdasdasdasdasdas', 'asdasdasdasd', 'sadasdasd', 78, '2023-02-08'),
(17, '2023-01-03', '', '', 'bilsadnas', '', '', 'dsa', 'asd', 'd', 0, '2023-01-01'),
(18, '2023-01-03', '', '', 's', '', '', 's', 's', 's', 0, '2023-01-03'),
(19, '2023-01-03', '', '', 's', '', '', 's', 's', 's', 0, '2023-01-03'),
(20, '2023-01-03', '', '', 'bh', '', '', 's', 's', 's', 1, '2023-01-03');

-- --------------------------------------------------------

--
-- Table structure for table `user_accounts`
--

CREATE TABLE `user_accounts` (
  `id` int(11) NOT NULL,
  `name` varchar(100) NOT NULL,
  `position` varchar(50) NOT NULL,
  `username` varchar(10) NOT NULL,
  `password` int(20) NOT NULL
) ENGINE=InnoDB DEFAULT CHARSET=utf8mb4;

--
-- Dumping data for table `user_accounts`
--

INSERT INTO `user_accounts` (`id`, `name`, `position`, `username`, `password`) VALUES
(1, 'Bilqist Imeilia Az Zahra', 'QCS', 'qcs', 123),
(2, 'Admin', 'Admin', 'admin', 123);

--
-- Indexes for dumped tables
--

--
-- Indexes for table `master_barang`
--
ALTER TABLE `master_barang`
  ADD PRIMARY KEY (`id`),
  ADD KEY `kategori` (`kategori`,`supplier`,`jenis`,`satuan`,`author`,`edit_by`),
  ADD KEY `partnumber` (`partnumber`),
  ADD KEY `satuan` (`satuan`),
  ADD KEY `supplier` (`supplier`);

--
-- Indexes for table `master_bom`
--
ALTER TABLE `master_bom`
  ADD PRIMARY KEY (`id`),
  ADD KEY `kategori` (`model`,`grupline`,`unikno`,`author`,`edit_by`),
  ADD KEY `partnumber` (`partnumber`),
  ADD KEY `satuan` (`unikno`),
  ADD KEY `supplier` (`model`),
  ADD KEY `model` (`model`,`grupline`,`unikno`),
  ADD KEY `event` (`event`,`customer`),
  ADD KEY `customer` (`customer`),
  ADD KEY `grupline` (`grupline`),
  ADD KEY `author` (`author`,`edit_by`);

--
-- Indexes for table `master_bom_detail`
--
ALTER TABLE `master_bom_detail`
  ADD PRIMARY KEY (`id`),
  ADD KEY `idbom` (`idbom`),
  ADD KEY `partnumber` (`partnumber`),
  ADD KEY `satuan` (`satuan`),
  ADD KEY `author` (`author`),
  ADD KEY `edit_by` (`edit_by`);

--
-- Indexes for table `master_customer`
--
ALTER TABLE `master_customer`
  ADD PRIMARY KEY (`idcust`),
  ADD KEY `authorid` (`author`),
  ADD KEY `custcode` (`custcode`);

--
-- Indexes for table `master_event`
--
ALTER TABLE `master_event`
  ADD PRIMARY KEY (`idevent`),
  ADD KEY `authorid` (`author`),
  ADD KEY `customer` (`customer`),
  ADD KEY `namaevent` (`namaevent`);

--
-- Indexes for table `master_grupline`
--
ALTER TABLE `master_grupline`
  ADD PRIMARY KEY (`idgruline`),
  ADD UNIQUE KEY `nama_gru` (`nama_gru`),
  ADD UNIQUE KEY `grup_code` (`grup_code`),
  ADD KEY `iduser` (`author`);

--
-- Indexes for table `master_gudang`
--
ALTER TABLE `master_gudang`
  ADD PRIMARY KEY (`idgud`),
  ADD KEY `codegud` (`codegud`),
  ADD KEY `edit_by` (`edit_by`),
  ADD KEY `author` (`author`);

--
-- Indexes for table `master_line`
--
ALTER TABLE `master_line`
  ADD PRIMARY KEY (`idline`),
  ADD KEY `author` (`author`),
  ADD KEY `namaline` (`namaline`),
  ADD KEY `grupline` (`grupline`);

--
-- Indexes for table `master_lineprd`
--
ALTER TABLE `master_lineprd`
  ADD PRIMARY KEY (`idline`),
  ADD KEY `authorid` (`authorid`),
  ADD KEY `idgruline` (`grupline`);

--
-- Indexes for table `master_model`
--
ALTER TABLE `master_model`
  ADD PRIMARY KEY (`idmodel`),
  ADD KEY `authorid` (`author`),
  ADD KEY `namamodel` (`namamodel`);

--
-- Indexes for table `master_satuan`
--
ALTER TABLE `master_satuan`
  ADD PRIMARY KEY (`idsat`),
  ADD KEY `authorid` (`author`),
  ADD KEY `codesat` (`codesat`);

--
-- Indexes for table `master_supplier`
--
ALTER TABLE `master_supplier`
  ADD PRIMARY KEY (`idsup`),
  ADD KEY `authorid` (`author`),
  ADD KEY `supcode` (`supcode`);

--
-- Indexes for table `raw_data_reject`
--
ALTER TABLE `raw_data_reject`
  ADD PRIMARY KEY (`id`);

--
-- Indexes for table `user_accounts`
--
ALTER TABLE `user_accounts`
  ADD PRIMARY KEY (`id`),
  ADD KEY `name` (`name`),
  ADD KEY `username` (`username`);

--
-- AUTO_INCREMENT for dumped tables
--

--
-- AUTO_INCREMENT for table `master_barang`
--
ALTER TABLE `master_barang`
  MODIFY `id` int(11) NOT NULL AUTO_INCREMENT, AUTO_INCREMENT=578;

--
-- AUTO_INCREMENT for table `master_bom`
--
ALTER TABLE `master_bom`
  MODIFY `id` int(11) NOT NULL AUTO_INCREMENT, AUTO_INCREMENT=8;

--
-- AUTO_INCREMENT for table `master_bom_detail`
--
ALTER TABLE `master_bom_detail`
  MODIFY `id` int(11) NOT NULL AUTO_INCREMENT, AUTO_INCREMENT=21;

--
-- AUTO_INCREMENT for table `master_customer`
--
ALTER TABLE `master_customer`
  MODIFY `idcust` int(11) NOT NULL AUTO_INCREMENT, AUTO_INCREMENT=100003;

--
-- AUTO_INCREMENT for table `master_event`
--
ALTER TABLE `master_event`
  MODIFY `idevent` int(11) NOT NULL AUTO_INCREMENT, AUTO_INCREMENT=1004;

--
-- AUTO_INCREMENT for table `master_grupline`
--
ALTER TABLE `master_grupline`
  MODIFY `idgruline` int(11) NOT NULL AUTO_INCREMENT, AUTO_INCREMENT=17;

--
-- AUTO_INCREMENT for table `master_gudang`
--
ALTER TABLE `master_gudang`
  MODIFY `idgud` int(11) NOT NULL AUTO_INCREMENT, AUTO_INCREMENT=8;

--
-- AUTO_INCREMENT for table `master_line`
--
ALTER TABLE `master_line`
  MODIFY `idline` int(11) NOT NULL AUTO_INCREMENT, AUTO_INCREMENT=30;

--
-- AUTO_INCREMENT for table `master_model`
--
ALTER TABLE `master_model`
  MODIFY `idmodel` int(11) NOT NULL AUTO_INCREMENT, AUTO_INCREMENT=4;

--
-- AUTO_INCREMENT for table `master_satuan`
--
ALTER TABLE `master_satuan`
  MODIFY `idsat` int(11) NOT NULL AUTO_INCREMENT, AUTO_INCREMENT=7;

--
-- AUTO_INCREMENT for table `master_supplier`
--
ALTER TABLE `master_supplier`
  MODIFY `idsup` int(11) NOT NULL AUTO_INCREMENT, AUTO_INCREMENT=1153;

--
-- AUTO_INCREMENT for table `raw_data_reject`
--
ALTER TABLE `raw_data_reject`
  MODIFY `id` int(155) NOT NULL AUTO_INCREMENT, AUTO_INCREMENT=21;

--
-- AUTO_INCREMENT for table `user_accounts`
--
ALTER TABLE `user_accounts`
  MODIFY `id` int(11) NOT NULL AUTO_INCREMENT, AUTO_INCREMENT=8;

--
-- Constraints for dumped tables
--

--
-- Constraints for table `master_barang`
--
ALTER TABLE `master_barang`
  ADD CONSTRAINT `master_barang_ibfk_5` FOREIGN KEY (`satuan`) REFERENCES `master_satuan` (`codesat`),
  ADD CONSTRAINT `master_barang_ibfk_6` FOREIGN KEY (`supplier`) REFERENCES `master_supplier` (`supcode`);

--
-- Constraints for table `master_bom`
--
ALTER TABLE `master_bom`
  ADD CONSTRAINT `master_bom_ibfk_1` FOREIGN KEY (`partnumber`) REFERENCES `master_barang` (`partnumber`),
  ADD CONSTRAINT `master_bom_ibfk_2` FOREIGN KEY (`customer`) REFERENCES `master_customer` (`custcode`),
  ADD CONSTRAINT `master_bom_ibfk_3` FOREIGN KEY (`event`) REFERENCES `master_event` (`namaevent`),
  ADD CONSTRAINT `master_bom_ibfk_4` FOREIGN KEY (`grupline`) REFERENCES `master_grupline` (`nama_gru`),
  ADD CONSTRAINT `master_bom_ibfk_5` FOREIGN KEY (`model`) REFERENCES `master_model` (`namamodel`);

--
-- Constraints for table `master_bom_detail`
--
ALTER TABLE `master_bom_detail`
  ADD CONSTRAINT `master_bom_detail_ibfk_1` FOREIGN KEY (`idbom`) REFERENCES `master_bom` (`id`),
  ADD CONSTRAINT `master_bom_detail_ibfk_2` FOREIGN KEY (`partnumber`) REFERENCES `master_barang` (`partnumber`),
  ADD CONSTRAINT `master_bom_detail_ibfk_3` FOREIGN KEY (`author`) REFERENCES `user_accounts` (`name`),
  ADD CONSTRAINT `master_bom_detail_ibfk_4` FOREIGN KEY (`edit_by`) REFERENCES `user_accounts` (`name`);

--
-- Constraints for table `master_event`
--
ALTER TABLE `master_event`
  ADD CONSTRAINT `master_event_ibfk_1` FOREIGN KEY (`customer`) REFERENCES `master_customer` (`custcode`);

--
-- Constraints for table `master_line`
--
ALTER TABLE `master_line`
  ADD CONSTRAINT `master_line_ibfk_1` FOREIGN KEY (`grupline`) REFERENCES `master_grupline` (`nama_gru`);
COMMIT;

/*!40101 SET CHARACTER_SET_CLIENT=@OLD_CHARACTER_SET_CLIENT */;
/*!40101 SET CHARACTER_SET_RESULTS=@OLD_CHARACTER_SET_RESULTS */;
/*!40101 SET COLLATION_CONNECTION=@OLD_COLLATION_CONNECTION */;
